County,State,Education.Bachelor's Degree or Higher,Population.2020 Population
Abbeville County,SC,15.6,24295
Acadia Parish,LA,13.3,57576
Accomack County,VA,19.5,33413
Ada County,ID,38.5,494967
Adair County,IA,18.5,7496
Adair County,KY,15.7,18903
Adair County,MO,31,25314
Adair County,OK,11.6,19495
Adams County,CO,24.3,519572
Adams County,IA,15.6,3704
Adams County,ID,21.2,4379
Adams County,IL,25,65737
Adams County,IN,15.5,35809
Adams County,MS,17.4,29538
Adams County,ND,25.6,2200
Adams County,NE,24.3,31205
Adams County,OH,13.2,27477
Adams County,PA,22.3,103852
Adams County,WA,14.3,20613
Adams County,WI,13.9,20654
Addison County,VT,39.6,37363
Aiken County,SC,26.4,168808
Aitkin County,MN,18.1,15697
Alachua County,FL,43.3,278468
Alamance County,NC,24.8,171415
Alameda County,CA,47.4,1682353
Alamosa County,CO,25,16376
Albany County,NY,41.8,314848
Albany County,WY,51.8,37066
Albemarle County,VA,55.1,112395
Alcona County,MI,16.9,10167
Alcorn County,MS,17.1,34740
Aleutians East Borough,AK,11.5,3420
Aleutians West Census Area,AK,17,5232
Alexander County,IL,12.9,5240
Alexander County,NC,14.2,36444
Alexandria city,VA,63.1,159467
Alfalfa County,OK,21.8,5699
Alger County,MI,17.4,8842
Allamakee County,IA,17.8,14061
Allegan County,MI,22.6,120502
Allegany County,MD,18.9,68106
Allegany County,NY,20.9,46456
Alleghany County,NC,17.3,10888
Alleghany County,VA,15,15223
Allegheny County,PA,41.6,1250578
Allen County,IN,28.5,385410
Allen County,KS,20.3,12526
Allen County,KY,16.1,20588
Allen County,OH,18.9,102206
Allen Parish,LA,11.3,22750
Allendale County,SC,9.2,8039
Alpena County,MI,18,28907
Alpine County,CA,34.5,1204
Amador County,CA,19.3,40474
Amelia County,VA,17.1,13265
Amherst County,VA,19.1,31307
Amite County,MS,12.6,12720
Anchorage Municipality,AK,36.1,291247
Anderson County,KS,18.1,7836
Anderson County,KY,20.2,23852
Anderson County,SC,22.2,203718
Anderson County,TN,23.3,77123
Anderson County,TX,10.6,57922
Andrew County,MO,24.9,18135
Andrews County,TX,12.2,18610
Androscoggin County,ME,22.8,111139
Angelina County,TX,16.9,86395
Anne Arundel County,MD,41.7,588261
Anoka County,MN,30.5,363887
Anson County,NC,11.3,22055
Antelope County,NE,18.4,6295
Antrim County,MI,28.8,23431
Apache County,AZ,12.3,66021
Appanoose County,IA,16.3,12317
Appling County,GA,9.8,18444
Appomattox County,VA,20.9,16119
Aransas County,TX,21.9,23830
Arapahoe County,CO,42.8,655070
Archer County,TX,23.9,8560
Archuleta County,CO,37.2,13359
Arenac County,MI,12.6,15002
Arkansas County,AR,15.8,17149
Arlington County,VA,75.3,238643
Armstrong County,PA,16.7,65558
Armstrong County,TX,22.8,1848
Aroostook County,ME,19.2,67105
Arthur County,NE,26.2,434
Ascension Parish,LA,26.4,126500
Ashe County,NC,19.7,26577
Ashland County,OH,20.9,52447
Ashland County,WI,19.8,16027
Ashley County,AR,12.3,19062
Ashtabula County,OH,14.3,97574
Asotin County,WA,21.4,22285
Assumption Parish,LA,9.6,21039
Atascosa County,TX,14.4,48981
Atchison County,KS,22,16348
Atchison County,MO,23.1,5305
Athens County,OH,30.2,62431
Atkinson County,GA,12.2,8286
Atlantic County,NJ,28.1,274534
Atoka County,OK,15,14143
Attala County,MS,13.9,17889
Audrain County,MO,14.7,24962
Audubon County,IA,17.1,5674
Auglaize County,OH,18.9,46422
Augusta County,VA,22.7,77487
Aurora County,SD,21.5,2747
Austin County,TX,23.9,30167
Autauga County,AL,26.6,58805
Avery County,NC,20.7,17806
Avoyelles Parish,LA,12.3,39693
Baca County,CO,21.4,3506
Bacon County,GA,10.5,11140
Bailey County,TX,17.2,6904
Baker County,FL,13.2,28259
Baker County,GA,12.9,2876
Baker County,OR,23.7,16668
Baldwin County,AL,31.9,231767
Baldwin County,GA,23.3,43799
Ballard County,KY,15.9,7728
Baltimore County,MD,39.4,854535
Baltimore city,MD,31.9,585708
Bamberg County,SC,18.8,13311
Bandera County,TX,22.8,20851
Banks County,GA,13.4,18035
Banner County,NE,23.3,674
Bannock County,ID,27.8,87018
Baraga County,MI,15.8,8158
Barber County,KS,20.7,4228
Barbour County,AL,11.6,25223
Barbour County,WV,15.6,15465
Barnes County,ND,29.4,10853
Barnstable County,MA,43.4,228996
Barnwell County,SC,12.5,20589
Barren County,KY,16.3,44485
Barron County,WI,20.6,46711
Barrow County,GA,19,83505
Barry County,MI,21.1,62423
Barry County,MO,14.6,34534
Bartholomew County,IN,33.5,82208
Barton County,KS,20.9,25493
Barton County,MO,19.9,11637
Bartow County,GA,18.6,108901
Bastrop County,TX,20.7,97216
Bates County,MO,16.1,16042
Bath County,KY,14.5,12750
Bath County,VA,15.9,4209
Baxter County,AR,17.9,41627
Bay County,FL,23.7,175216
Bay County,MI,19.3,103856
Bayfield County,WI,31.1,16220
Baylor County,TX,22.8,3465
Beadle County,SD,20.5,19149
Bear Lake County,ID,18.9,6372
Beaufort County,NC,20.6,44652
Beaufort County,SC,41.2,187117
Beauregard Parish,LA,17.8,36549
Beaver County,OK,19.9,5049
Beaver County,PA,24.7,168215
Beaver County,UT,21.1,7072
Beaverhead County,MT,35.4,9371
Becker County,MN,25,35183
Beckham County,OK,16.8,22410
Bedford County,PA,14.7,47577
Bedford County,TN,16.6,50237
Bedford County,VA,29.2,79462
Bee County,TX,8.9,31047
Belknap County,NH,32.6,63705
Bell County,KY,9.2,24097
Bell County,TX,25.2,370647
Belmont County,OH,16.7,66497
Beltrami County,MN,29.2,46228
Ben Hill County,GA,11.2,17194
Benewah County,ID,15.2,9530
Bennett County,SD,15.7,3381
Bennington County,VT,36.2,37347
Benson County,ND,16.2,5964
Bent County,CO,11.4,5650
Benton County,AR,33.4,284333
Benton County,IA,22.1,25575
Benton County,IN,16.1,8719
Benton County,MN,23.6,41379
Benton County,MO,13,19394
Benton County,MS,11.5,7646
Benton County,OR,54.1,95184
Benton County,TN,12.3,15864
Benton County,WA,30.9,206873
Benzie County,MI,30.3,17970
Bergen County,NJ,49.3,955732
Berkeley County,SC,25,229861
Berkeley County,WV,21.2,122076
Berks County,PA,24.9,428849
Berkshire County,MA,33.6,129026
Bernalillo County,NM,34.4,676444
Berrien County,GA,11.4,18160
Berrien County,MI,27.8,154316
Bertie County,NC,13.6,17934
Bethel Census Area,AK,11.9,18666
Bexar County,TX,28,2009324
Bibb County,AL,10.4,22293
Bibb County,GA,25.4,157346
Bienville Parish,LA,12.8,12981
Big Horn County,MT,18.1,13124
Big Horn County,WY,19,11521
Big Stone County,MN,15.4,5166
Billings County,ND,26.3,945
Bingham County,ID,21.2,47992
Black Hawk County,IA,29.1,131144
Blackford County,IN,13.5,12112
Bladen County,NC,15.8,29606
Blaine County,ID,35.4,24272
Blaine County,MT,22.9,7044
Blaine County,NE,23,431
Blaine County,OK,16.5,8735
Blair County,PA,21.3,122822
Blanco County,TX,26.5,11374
Bland County,VA,14.2,6270
Bleckley County,GA,18.7,12583
Bledsoe County,TN,12,14913
Blount County,AL,13.1,59134
Blount County,TN,24.2,135280
Blue Earth County,MN,34.8,69112
Boise County,ID,27.1,7610
Bolivar County,MS,23.6,30985
Bollinger County,MO,8.9,10567
Bon Homme County,SD,18.3,7003
Bond County,IL,22.9,16725
Bonner County,ID,23.8,47110
Bonneville County,ID,31.3,123964
Boone County,AR,16.1,37373
Boone County,IA,25.3,26715
Boone County,IL,23.5,53448
Boone County,IN,49.3,70812
Boone County,KY,32.1,135968
Boone County,MO,46.1,183610
Boone County,NE,21.1,5379
Boone County,WV,9.7,21809
Borden County,TX,39.5,631
Bosque County,TX,19.8,18235
Bossier Parish,LA,25.2,128746
Botetourt County,VA,28.3,33596
Bottineau County,ND,24,6379
Boulder County,CO,62.1,330758
Boundary County,ID,19.8,12056
Bourbon County,KS,21.7,14360
Bourbon County,KY,19.4,20252
Bowie County,TX,20.6,92893
Bowman County,ND,24.2,2993
Box Butte County,NE,17.1,10842
Box Elder County,UT,23.9,57666
Boyd County,KY,19.4,48261
Boyd County,NE,16.7,1810
Boyle County,KY,25.2,30614
Bracken County,KY,13.2,8400
Bradford County,FL,9.9,28303
Bradford County,PA,18.7,59967
Bradley County,AR,14.3,10545
Bradley County,TN,22.3,108620
Branch County,MI,14.4,44862
Brantley County,GA,8.9,18021
Braxton County,WV,14.9,12447
Brazoria County,TX,30,372031
Brazos County,TX,41.7,233849
Breathitt County,KY,15.2,13718
Breckinridge County,KY,11.9,20432
Bremer County,IA,30.7,24988
Brevard County,FL,30.2,606612
Brewster County,TX,40,9546
Briscoe County,TX,19.8,1435
Bristol Bay Borough,AK,22.5,844
Bristol County,MA,28.7,579200
Bristol County,RI,49,50793
Bristol city,VA,25.4,17219
Broadwater County,MT,27.1,6774
Bronx County,NY,20.1,1472654
Brooke County,WV,19,22559
Brookings County,SD,40.3,34375
Brooks County,GA,17.8,16301
Brooks County,TX,15.7,7076
Broome County,NY,28.4,198683
Broomfield County,CO,55.7,74112
Broward County,FL,32.4,1944375
Brown County,IL,14.1,6244
Brown County,IN,28.9,15475
Brown County,KS,21.2,9508
Brown County,MN,22.2,25912
Brown County,NE,20.7,2903
Brown County,OH,14.9,43676
Brown County,SD,29.4,38301
Brown County,TX,19.1,38095
Brown County,WI,30.3,268740
Brule County,SD,27.1,5247
Brunswick County,NC,29.9,136693
Brunswick County,VA,13.6,15849
Bryan County,GA,33.1,44738
Bryan County,OK,21.9,46067
Buchanan County,IA,21.5,20565
Buchanan County,MO,21.1,84793
Buchanan County,VA,11.8,20355
Buckingham County,VA,12.5,16824
Bucks County,PA,41.3,646538
Buena Vista County,IA,19.7,20823
Buena Vista city,VA,15.9,6641
Buffalo County,NE,34.6,50084
Buffalo County,SD,8.5,1948
Buffalo County,WI,19.3,13317
Bullitt County,KY,14.7,82217
Bulloch County,GA,27,81099
Bullock County,AL,12.1,10357
Buncombe County,NC,40.1,269452
Bureau County,IL,20.6,33244
Burke County,GA,13.2,24596
Burke County,NC,16.4,87570
Burke County,ND,22.8,2201
Burleigh County,ND,35.8,98458
Burleson County,TX,17.3,17642
Burlington County,NJ,38,461860
Burnet County,TX,25.4,49130
Burnett County,WI,20.8,16526
Burt County,NE,21.3,6722
Butler County,AL,16.1,19051
Butler County,IA,17.3,14334
Butler County,KS,29.8,67380
Butler County,KY,13.9,12371
Butler County,MO,13.3,42130
Butler County,NE,21.4,8369
Butler County,OH,30.2,390357
Butler County,PA,36,193763
Butte County,CA,27.2,211632
Butte County,ID,16.2,2574
Butte County,SD,19.2,10243
Butts County,GA,12.2,25434
Cabarrus County,NC,32.3,225804
Cabell County,WV,26,94350
Cache County,UT,38.3,133154
Caddo County,OK,15.4,26945
Caddo Parish,LA,23.5,237848
Calaveras County,CA,18.3,45292
Calcasieu Parish,LA,22.3,216785
Caldwell County,KY,15.3,12649
Caldwell County,MO,18.1,8815
Caldwell County,NC,15.7,80652
Caldwell County,TX,14.6,45883
Caldwell Parish,LA,13.8,9645
Caledonia County,VT,29,30233
Calhoun County,AL,18.5,116441
Calhoun County,AR,11.4,4739
Calhoun County,FL,9.5,13648
Calhoun County,GA,9.1,5573
Calhoun County,IA,18.7,9927
Calhoun County,IL,14.2,4437
Calhoun County,MI,21,134310
Calhoun County,MS,11.8,13266
Calhoun County,SC,19.9,14119
Calhoun County,TX,14.2,20106
Calhoun County,WV,12.2,6229
Callahan County,TX,21,13708
Callaway County,MO,23.1,44283
Calloway County,KY,28.5,37103
Calumet County,WI,29.4,52442
Calvert County,MD,32.4,92783
Camas County,ID,16.3,1077
Cambria County,PA,21.1,133472
Camden County,GA,23.9,54768
Camden County,MO,21.1,42745
Camden County,NC,17.1,10355
Camden County,NJ,32.5,523485
Cameron County,PA,13.7,4547
Cameron County,TX,17.3,421017
Cameron Parish,LA,12.7,5617
Camp County,TX,19.4,12464
Campbell County,KY,36.3,93076
Campbell County,SD,28,1377
Campbell County,TN,12.4,39272
Campbell County,VA,22.5,55696
Campbell County,WY,18.9,47026
Canadian County,OK,27.4,154405
Candler County,GA,13,10981
Cannon County,TN,15.8,14506
Canyon County,ID,18.7,231105
Cape Girardeau County,MO,31.5,81710
Cape May County,NJ,32.8,95263
Carbon County,MT,30.4,10473
Carbon County,PA,17.9,64749
Carbon County,UT,17.1,20412
Carbon County,WY,20.6,14537
Caribou County,ID,19,7027
Carlisle County,KY,14.9,4826
Carlton County,MN,22.1,36207
Caroline County,MD,18.4,33293
Caroline County,VA,19.9,30887
Carroll County,AR,21.2,28260
Carroll County,GA,21.1,119148
Carroll County,IA,22.4,20760
Carroll County,IL,19.5,15702
Carroll County,IN,16.7,20306
Carroll County,KY,8.2,10810
Carroll County,MD,36.4,172891
Carroll County,MO,16.7,8495
Carroll County,MS,12.2,9998
Carroll County,NH,34.3,50107
Carroll County,OH,13.3,26721
Carroll County,TN,18,28440
Carroll County,VA,15,29155
Carson City,NV,22.2,58639
Carson County,TX,28.4,5807
Carter County,KY,12.6,26627
Carter County,MO,15.5,5202
Carter County,MT,20.2,1415
Carter County,OK,20.5,48003
Carter County,TN,17.5,56356
Carteret County,NC,29.1,67686
Carver County,MN,48.9,106922
Cascade County,MT,25.7,84414
Casey County,KY,12.8,15941
Cass County,IA,20.1,13127
Cass County,IL,15.1,13042
Cass County,IN,13.3,37870
Cass County,MI,19.2,51589
Cass County,MN,23.2,30066
Cass County,MO,26.3,107824
Cass County,ND,40.2,184525
Cass County,NE,27.7,26598
Cass County,TX,16.4,28454
Cassia County,ID,18.6,24655
Castro County,TX,15.6,7371
Caswell County,NC,15.9,22736
Catahoula Parish,LA,13.8,8906
Catawba County,NC,22.6,160610
Catoosa County,GA,21.4,67872
Catron County,NM,15.7,3579
Cattaraugus County,NY,19.1,77042
Cavalier County,ND,19.5,3704
Cayuga County,NY,22.6,76248
Cecil County,MD,23.9,103725
Cedar County,IA,22.2,18505
Cedar County,MO,13.6,14188
Cedar County,NE,21,8380
Centre County,PA,45.5,158172
Cerro Gordo County,IA,23.6,43127
Chaffee County,CO,33.8,19476
Chambers County,AL,13.3,34772
Chambers County,TX,22.7,46571
Champaign County,IL,45,205865
Champaign County,OH,16.1,38714
Chariton County,MO,17.2,7408
Charles City County,VA,14.7,6773
Charles County,MD,28.9,166617
Charles Mix County,SD,18.6,9373
Charleston County,SC,43.6,408235
Charlevoix County,MI,31.1,26054
Charlotte County,FL,23.4,186847
Charlotte County,VA,10.9,11529
Charlottesville city,VA,54.9,46553
Charlton County,GA,8.8,12518
Chase County,KS,25.5,2572
Chase County,NE,21,3893
Chatham County,GA,33.6,295291
Chatham County,NC,42.4,76285
Chattahoochee County,GA,29.5,9565
Chattooga County,GA,8.9,24965
Chautauqua County,KS,15.9,3379
Chautauqua County,NY,22.2,127657
Chaves County,NM,18,65157
Cheatham County,TN,21,41072
Cheboygan County,MI,20.7,25579
Chelan County,WA,25.8,79074
Chemung County,NY,23.3,84148
Chenango County,NY,18.7,47220
Cherokee County,AL,12.8,24971
Cherokee County,GA,38.2,266620
Cherokee County,IA,22.2,11658
Cherokee County,KS,19.6,19362
Cherokee County,NC,19,28774
Cherokee County,OK,26.3,47078
Cherokee County,SC,14.2,56216
Cherokee County,TX,17.2,50412
Cherry County,NE,22.9,5455
Chesapeake city,VA,33.2,249422
Cheshire County,NH,33.1,76458
Chester County,PA,53,534413
Chester County,SC,13.4,32294
Chester County,TN,16,17341
Chesterfield County,SC,10.4,43273
Chesterfield County,VA,40.5,364548
Cheyenne County,CO,19.2,1748
Cheyenne County,KS,28.9,2616
Cheyenne County,NE,25.4,9468
Chickasaw County,IA,17.2,12012
Chickasaw County,MS,12.4,17106
Chicot County,AR,15.9,10208
Childress County,TX,18.3,6664
Chilton County,AL,12.7,45014
Chippewa County,MI,21.2,36785
Chippewa County,MN,19,12598
Chippewa County,WI,21,66297
Chisago County,MN,21.5,56621
Chittenden County,VT,51.3,168323
Choctaw County,AL,11.9,12665
Choctaw County,MS,19.1,8246
Choctaw County,OK,13.4,14204
Chouteau County,MT,28.3,5895
Chowan County,NC,21.7,13708
Christian County,IL,17.1,34032
Christian County,KY,18.1,72748
Christian County,MO,28.6,88842
Churchill County,NV,18.8,25516
Cibola County,NM,14.2,27172
Cimarron County,OK,22.8,2296
Citrus County,FL,18.3,153843
Clackamas County,OR,37.4,421401
Claiborne County,MS,24,9135
Claiborne County,TN,16.1,32043
Claiborne Parish,LA,12.8,14170
Clallam County,WA,27.4,77155
Clare County,MI,12.6,30856
Clarendon County,SC,15.1,31144
Clarion County,PA,22.1,37241
Clark County,AR,26.6,21446
Clark County,ID,12.2,790
Clark County,IL,19.9,15455
Clark County,IN,21.2,121093
Clark County,KS,26.1,1991
Clark County,KY,20.1,36972
Clark County,MO,12.8,6634
Clark County,NV,24.5,2265461
Clark County,OH,18.7,136001
Clark County,SD,19.1,3837
Clark County,WA,30.6,503311
Clark County,WI,12.6,34659
Clarke County,AL,12.2,23087
Clarke County,GA,44,128671
Clarke County,IA,16,9748
Clarke County,MS,12.5,15615
Clarke County,VA,32.2,14783
Clatsop County,OR,24.4,41072
Clay County,AL,10.6,14236
Clay County,AR,12.6,14552
Clay County,FL,24.9,218245
Clay County,GA,12.5,2848
Clay County,IA,22.7,16384
Clay County,IL,15,13288
Clay County,IN,17,26466
Clay County,KS,26.7,8117
Clay County,KY,9.8,20345
Clay County,MN,34.2,65318
Clay County,MO,33.2,253335
Clay County,MS,20.4,18636
Clay County,NC,23.7,11089
Clay County,NE,19.9,6104
Clay County,SD,49.9,14967
Clay County,TN,13.9,7581
Clay County,TX,21.4,10218
Clay County,WV,9.2,8051
Clayton County,GA,19.5,297595
Clayton County,IA,17.7,17043
Clear Creek County,CO,48.1,9397
Clearfield County,PA,15.1,80562
Clearwater County,ID,17.9,8734
Clearwater County,MN,17.1,8524
Cleburne County,AL,15.4,15056
Cleburne County,AR,15.5,24711
Clermont County,OH,28.6,208601
Cleveland County,AR,16.2,7550
Cleveland County,NC,17.6,99519
Cleveland County,OK,33.4,295528
Clinch County,GA,10,6749
Clinton County,IA,17.9,46460
Clinton County,IL,22.3,36899
Clinton County,IN,16.3,33190
Clinton County,KY,10.3,9253
Clinton County,MI,32.1,79128
Clinton County,MO,21.6,21184
Clinton County,NY,22.9,79843
Clinton County,OH,18.9,42018
Clinton County,PA,19.5,37450
Cloud County,KS,24,9032
Coahoma County,MS,16.5,21390
Coal County,OK,17.3,5266
Cobb County,GA,47.4,766149
Cochise County,AZ,23.1,125447
Cochran County,TX,8,2547
Cocke County,TN,11.6,35999
Coconino County,AZ,36.2,145101
Codington County,SD,21.5,28325
Coffee County,AL,22.8,53465
Coffee County,GA,13,43092
Coffee County,TN,20.5,57889
Coffey County,KS,24.5,8360
Coke County,TX,17.8,3285
Colbert County,AL,18.1,57227
Cole County,MO,33.3,77279
Coleman County,TX,15.8,7684
Coles County,IL,26,46863
Colfax County,NE,15.4,10582
Colfax County,NM,21.7,12387
Colleton County,SC,14.6,38604
Collier County,FL,36.4,375752
Collin County,TX,52.3,1064465
Collingsworth County,TX,20.2,2652
Colonial Heights city,VA,25.5,18170
Colorado County,TX,21,20557
Colquitt County,GA,12.8,45898
Columbia County,AR,19.6,22801
Columbia County,FL,14.9,69698
Columbia County,GA,36.4,156010
Columbia County,NY,32.7,61570
Columbia County,OR,18.5,52589
Columbia County,PA,22.9,64727
Columbia County,WA,25.6,3952
Columbia County,WI,23.3,58490
Columbiana County,OH,14.9,101877
Columbus County,NC,13.8,50623
Colusa County,CA,15,21839
Comal County,TX,36.8,161501
Comanche County,KS,16,1689
Comanche County,OK,22.2,121125
Comanche County,TX,20.3,13594
Concho County,TX,13,3303
Concordia Parish,LA,14.1,18687
Conecuh County,AL,12.8,11597
Conejos County,CO,21,7461
Contra Costa County,CA,42.4,1165927
Converse County,WY,17.3,13751
Conway County,AR,15.6,20715
Cook County,GA,13.5,17229
Cook County,IL,38.8,5275541
Cook County,MN,40.4,5600
Cooke County,TX,20.9,41668
Cooper County,MO,22.1,17103
Coos County,NH,18.2,31268
Coos County,OR,17.8,64929
Coosa County,AL,12.8,10387
Copiah County,MS,14.5,28368
Corson County,SD,17.8,3902
Cortland County,NY,28,46809
Coryell County,TX,16.1,83093
Coshocton County,OH,13.2,36612
Costilla County,CO,19.3,3499
Cottle County,TX,16.8,1380
Cotton County,OK,13.7,5527
Cottonwood County,MN,20,11517
Covington County,AL,15.3,37570
Covington County,MS,14.7,18340
Covington city,VA,15.6,5737
Coweta County,GA,30.3,146158
Cowley County,KS,21.8,34549
Cowlitz County,WA,17,110730
Craig County,OK,14.7,14107
Craig County,VA,23.6,4892
Craighead County,AR,26.2,111231
Crane County,TX,14.7,4675
Craven County,NC,25.3,100720
Crawford County,AR,16,60133
Crawford County,GA,10.5,12130
Crawford County,IA,14.3,16525
Crawford County,IL,17.1,18679
Crawford County,IN,10.3,10526
Crawford County,KS,29.9,38972
Crawford County,MI,19.4,12988
Crawford County,MO,11.5,23056
Crawford County,OH,14.4,42025
Crawford County,PA,21.1,83938
Crawford County,WI,18.4,16113
Creek County,OK,17,71754
Crenshaw County,AL,17.4,13194
Crisp County,GA,14.1,20128
Crittenden County,AR,17.4,48163
Crittenden County,KY,13.1,8990
Crockett County,TN,13.8,13911
Crockett County,TX,14,3098
Crook County,OR,19.8,24738
Crook County,WY,22.3,7181
Crosby County,TX,13.2,5133
Cross County,AR,14.4,16833
Crow Wing County,MN,24.7,66123
Crowley County,CO,9,5922
Culberson County,TX,10.2,2188
Cullman County,AL,13.9,87866
Culpeper County,VA,25.7,52552
Cumberland County,IL,15.4,10450
Cumberland County,KY,13.3,5888
Cumberland County,ME,47.6,303069
Cumberland County,NC,25.5,334728
Cumberland County,NJ,15.6,154152
Cumberland County,PA,36.6,259469
Cumberland County,TN,18.5,61145
Cumberland County,VA,14.9,9675
Cuming County,NE,23.8,9013
Currituck County,NC,23.5,28100
Curry County,NM,19.2,48430
Curry County,OR,24.6,23446
Custer County,CO,32.5,4704
Custer County,ID,24.4,4275
Custer County,MT,24.6,11867
Custer County,NE,24,10545
Custer County,OK,24.8,28513
Custer County,SD,23.5,8318
Cuyahoga County,OH,32.5,1264817
Dade County,GA,15.2,16251
Dade County,MO,12.7,7569
Daggett County,UT,13.4,935
Dakota County,MN,42.2,439882
Dakota County,NE,13,21582
Dale County,AL,18.1,49326
Dallam County,TX,15.8,7115
Dallas County,AL,14.7,38462
Dallas County,AR,11.9,6482
Dallas County,IA,50.4,99678
Dallas County,MO,12.9,17071
Dallas County,TX,31.5,2613539
Dane County,WI,51.4,561504
Daniels County,MT,24,1661
Danville city,VA,17.6,42590
Dare County,NC,34.7,36915
Darke County,OH,15.8,51881
Darlington County,SC,18.4,62905
Dauphin County,PA,30.8,286401
Davidson County,NC,18.5,168930
Davidson County,TN,41.7,715884
Davie County,NC,24,42712
Daviess County,IN,13.2,33381
Daviess County,KY,22.9,103312
Daviess County,MO,18.5,8430
Davis County,IA,19.5,9110
Davis County,UT,37.8,362679
Davison County,SD,26.5,19956
Dawes County,NE,36.9,8199
Dawson County,GA,30.6,26798
Dawson County,MT,22.2,8940
Dawson County,NE,15.8,24111
Dawson County,TX,14.2,12456
Day County,SD,21.6,5449
De Baca County,NM,13,1698
De Soto Parish,LA,14.8,26812
De Witt County,IL,21.3,15516
DeKalb County,AL,13,71608
DeKalb County,GA,44.2,764382
DeKalb County,IL,32.3,100420
DeKalb County,IN,18,43265
DeKalb County,MO,13.8,11029
DeKalb County,TN,16.7,20080
DeSoto County,FL,11.5,33976
DeSoto County,MS,25,185314
DeWitt County,TX,12.6,19824
Deaf Smith County,TX,12,18583
Dearborn County,IN,22.9,50679
Decatur County,GA,13.8,29367
Decatur County,IA,25,7645
Decatur County,IN,20.6,26472
Decatur County,KS,22.5,2764
Decatur County,TN,14.5,11435
Deer Lodge County,MT,20.4,9421
Defiance County,OH,18,38286
Del Norte County,CA,14.8,27743
Delaware County,IA,16.6,17488
Delaware County,IN,23.7,111903
Delaware County,NY,22.6,44308
Delaware County,OH,54.3,214124
Delaware County,OK,18.1,40397
Delaware County,PA,39,576830
Delta County,CO,21.7,31196
Delta County,MI,21,36903
Delta County,TX,25.1,5230
Denali Borough,AK,41.1,1619
Dent County,MO,15.3,14421
Denton County,TX,45.1,906422
Denver County,CO,49.4,715522
Des Moines County,IA,20.1,38910
Deschutes County,OR,35.4,198253
Desha County,AR,14.1,11395
Deuel County,NE,15.9,1838
Deuel County,SD,22.2,4295
Dewey County,OK,24,4484
Dewey County,SD,16.6,5239
Dickens County,TX,18.5,1770
Dickenson County,VA,10.7,14124
Dickey County,ND,28.8,4999
Dickinson County,IA,33.6,17703
Dickinson County,KS,22.9,18402
Dickinson County,MI,25.7,25947
Dickson County,TN,16.2,54315
Dillingham Census Area,AK,22.1,4857
Dillon County,SC,11.1,28292
Dimmit County,TX,13.6,8615
Dinwiddie County,VA,18.6,27947
District of Columbia,DC,58.5,689545
Divide County,ND,18.5,2195
Dixie County,FL,10.4,16759
Dixon County,NE,21.2,5606
Doddridge County,WV,17.1,7808
Dodge County,GA,14.3,19925
Dodge County,MN,25.7,20867
Dodge County,NE,19,37167
Dodge County,WI,17,89396
Dolores County,CO,24.1,2326
Doniphan County,KS,21.1,7510
Donley County,TX,17.9,3258
Dooly County,GA,12.1,11208
Door County,WI,33.7,30066
Dorchester County,MD,21.2,32531
Dorchester County,SC,28.2,161540
Dougherty County,GA,21.4,85790
Douglas County,CO,58,357978
Douglas County,GA,28.2,144237
Douglas County,IL,18.9,19740
Douglas County,KS,49.6,118785
Douglas County,MN,26,39006
Douglas County,MO,10.8,11578
Douglas County,NE,39.7,584526
Douglas County,NV,29.4,49488
Douglas County,OR,17.3,111201
Douglas County,SD,15.5,2835
Douglas County,WA,20.5,42938
Douglas County,WI,24.1,44295
Dona Ana County,NM,27.1,219561
Drew County,AR,22.8,17350
DuPage County,IL,49.4,932877
Dubois County,IN,23.7,43637
Dubuque County,IA,30.8,99266
Duchesne County,UT,14.7,19596
Dukes County,MA,44.9,20600
Dundy County,NE,23.3,1654
Dunklin County,MO,13.8,28283
Dunn County,ND,21.3,4095
Dunn County,WI,27.9,45440
Duplin County,NC,12.1,48715
Durham County,NC,48.2,324833
Dutchess County,NY,35,295911
Duval County,FL,30,995567
Duval County,TX,9,9831
Dyer County,TN,16.1,36801
Eagle County,CO,47.2,55731
Early County,GA,15.1,10854
East Baton Rouge Parish,LA,34.9,456781
East Carroll Parish,LA,8.9,7459
East Feliciana Parish,LA,12.7,19539
Eastland County,TX,16,17725
Eaton County,MI,27.8,109175
Eau Claire County,WI,32.3,105710
Echols County,GA,9.7,3697
Ector County,TX,15.4,165171
Eddy County,ND,26.2,2347
Eddy County,NM,16.2,62314
Edgar County,IL,17.2,16866
Edgecombe County,NC,13.6,48900
Edgefield County,SC,16.7,25657
Edmonson County,KY,10.3,12126
Edmunds County,SD,26.3,3986
Edwards County,IL,13.9,6245
Edwards County,KS,18.1,2907
Edwards County,TX,18.2,1422
Effingham County,GA,20,64769
Effingham County,IL,22.7,34668
El Dorado County,CA,34.3,191185
El Paso County,CO,38.5,730395
El Paso County,TX,23.3,865657
Elbert County,CO,35.8,26062
Elbert County,GA,11.6,19637
Elk County,KS,15.6,2483
Elk County,PA,19.6,30990
Elkhart County,IN,19.8,207047
Elko County,NV,16.6,53702
Elliott County,KY,9.7,7354
Ellis County,KS,36.3,28934
Ellis County,OK,20.1,3749
Ellis County,TX,24.3,192455
Ellsworth County,KS,19.5,6376
Elmore County,AL,25.1,87977
Elmore County,ID,18.7,28666
Emanuel County,GA,13,22768
Emery County,UT,16.3,9825
Emmet County,IA,18.8,9388
Emmet County,MI,33.4,34112
Emmons County,ND,18.2,3301
Emporia city,VA,13.8,5766
Erath County,TX,31.5,42545
Erie County,NY,34.4,954236
Erie County,OH,23.2,75622
Erie County,PA,27.9,270876
Escambia County,AL,12.5,36757
Escambia County,FL,26.5,321905
Esmeralda County,NV,16.1,729
Essex County,MA,39.9,809829
Essex County,NJ,35.5,863728
Essex County,NY,26.8,37381
Essex County,VA,17.4,10599
Essex County,VT,16.2,5920
Estill County,KY,9.9,14163
Etowah County,AL,17.8,103436
Eureka County,NV,8.8,1855
Evangeline Parish,LA,11.6,32350
Evans County,GA,15.8,10774
Fairbanks North Star Borough,AK,31.4,95655
Fairfax County,VA,61.6,1150309
Fairfax city,VA,60.8,24146
Fairfield County,CT,47.9,957419
Fairfield County,OH,27.6,158921
Fairfield County,SC,16.9,20948
Fall River County,SD,21.1,6973
Fallon County,MT,19,3049
Falls Church city,VA,77.6,14658
Falls County,TX,12.4,16968
Fannin County,GA,21.8,25319
Fannin County,TX,17.4,35662
Faribault County,MN,18.6,13921
Faulk County,SD,26.9,2125
Faulkner County,AR,30.6,123498
Fauquier County,VA,36.4,72972
Fayette County,AL,12.4,16321
Fayette County,GA,46.2,119194
Fayette County,IA,18.3,19509
Fayette County,IL,11.3,21488
Fayette County,IN,13.3,23398
Fayette County,KY,43.6,322570
Fayette County,OH,16.3,28951
Fayette County,PA,17.3,128804
Fayette County,TN,22.2,41990
Fayette County,TX,19.7,24435
Fayette County,WV,14.8,40488
Fentress County,TN,16,18489
Fergus County,MT,29.1,11446
Ferry County,WA,18.8,7178
Fillmore County,MN,22.2,21228
Fillmore County,NE,21.4,5551
Finney County,KS,17.1,38470
Fisher County,TX,18.6,3672
Flagler County,FL,25.1,115378
Flathead County,MT,31,104357
Fleming County,KY,12.9,15082
Florence County,SC,23.6,137059
Florence County,WI,19.9,4558
Floyd County,GA,20.9,98584
Floyd County,IA,19.8,15627
Floyd County,IN,29.6,80484
Floyd County,KY,11.3,35942
Floyd County,TX,15.9,5402
Floyd County,VA,22.1,15476
Fluvanna County,VA,33.9,27249
Foard County,TX,16.2,1095
Fond du Lac County,WI,23.1,104154
Ford County,IL,21.4,13534
Ford County,KS,17.7,34287
Forest County,PA,8.1,6973
Forest County,WI,14.7,9179
Forrest County,MS,27.8,78158
Forsyth County,GA,53.1,251283
Forsyth County,NC,34,382590
Fort Bend County,TX,46.2,822779
Foster County,ND,26.7,3397
Fountain County,IN,14.9,16479
Franklin County,AL,14,32113
Franklin County,AR,12.1,17097
Franklin County,FL,18.8,12451
Franklin County,GA,15.9,23424
Franklin County,IA,18,10019
Franklin County,ID,17.7,14194
Franklin County,IL,16.7,37804
Franklin County,IN,21.1,22785
Franklin County,KS,20.4,25996
Franklin County,KY,29.9,51541
Franklin County,MA,37.3,71029
Franklin County,ME,24.8,29456
Franklin County,MO,20.9,104682
Franklin County,MS,12,7675
Franklin County,NC,22,68573
Franklin County,NE,17.3,2889
Franklin County,NY,19.1,47555
Franklin County,OH,40,1323807
Franklin County,PA,21.6,155932
Franklin County,TN,20.8,42774
Franklin County,TX,26.6,10359
Franklin County,VA,21.9,54477
Franklin County,VT,24.1,49946
Franklin County,WA,17.7,96749
Franklin Parish,LA,12,19774
Franklin city,VA,19.1,8180
Frederick County,MD,41.4,271717
Frederick County,VA,28.3,91419
Fredericksburg city,VA,40.9,27982
Freeborn County,MN,17.1,30895
Freestone County,TX,15.3,19435
Fremont County,CO,18.5,48939
Fremont County,IA,18.9,6605
Fremont County,ID,21.7,13388
Fremont County,WY,24.3,39234
Fresno County,CA,21.2,1008654
Frio County,TX,7.3,18385
Frontier County,NE,21.5,2519
Fulton County,AR,12.2,12075
Fulton County,GA,52.9,1066710
Fulton County,IL,17.6,33609
Fulton County,IN,15.8,20480
Fulton County,KY,13.4,6515
Fulton County,NY,18.2,53324
Fulton County,OH,17.6,42713
Fulton County,PA,13.6,14556
Furnas County,NE,17.4,4636
Gadsden County,FL,16.2,43826
Gage County,NE,20.8,21704
Gaines County,TX,11.4,21598
Galax city,VA,14.8,6720
Gallatin County,IL,10.9,4946
Gallatin County,KY,11.6,8690
Gallatin County,MT,50.1,118960
Gallia County,OH,15.9,29220
Galveston County,TX,31.1,350682
Garden County,NE,22.5,1874
Garfield County,CO,31,61685
Garfield County,MT,14.3,1173
Garfield County,NE,25.5,1813
Garfield County,OK,22.9,62846
Garfield County,UT,25.9,5083
Garfield County,WA,24.5,2286
Garland County,AR,21.6,100180
Garrard County,KY,17.6,16953
Garrett County,MD,20.9,28806
Garvin County,OK,14.7,25656
Garza County,TX,13.9,5816
Gasconade County,MO,19.2,14794
Gaston County,NC,21.2,227943
Gates County,NC,14.3,10478
Geary County,KS,23.2,36739
Geauga County,OH,38,95397
Gem County,ID,17.5,19123
Genesee County,MI,21.2,406211
Genesee County,NY,22.3,58388
Geneva County,AL,12.5,26659
Gentry County,MO,19.1,6162
George County,MS,13.8,24350
Georgetown County,SC,27.3,63404
Gibson County,IN,18,33011
Gibson County,TN,18.4,50429
Gila County,AZ,18.7,53272
Gilchrist County,FL,13.4,17864
Giles County,TN,16.5,30346
Giles County,VA,18.1,16787
Gillespie County,TX,32.2,26725
Gilliam County,OR,17.4,1995
Gilmer County,GA,20.4,31353
Gilmer County,WV,17,7408
Gilpin County,CO,39.6,5808
Glacier County,MT,21.4,13778
Glades County,FL,11.2,12126
Gladwin County,MI,13.5,25386
Glascock County,GA,11.6,2884
Glasscock County,TX,27.2,1116
Glenn County,CA,14.2,28917
Gloucester County,NJ,33,302294
Gloucester County,VA,23.3,38711
Glynn County,GA,29.9,84499
Gogebic County,MI,19.4,14380
Golden Valley County,MT,22.7,823
Golden Valley County,ND,26.9,1736
Goliad County,TX,17.3,7012
Gonzales County,TX,13.1,19653
Goochland County,VA,41.8,24727
Goodhue County,MN,26,47582
Gooding County,ID,17.2,15598
Gordon County,GA,14.7,57544
Goshen County,WY,25.9,12498
Gosper County,NE,29.5,1893
Gove County,KS,19.7,2718
Grady County,GA,13.9,26236
Grady County,OK,19.9,54795
Grafton County,NH,40.6,91118
Graham County,AZ,15.2,38533
Graham County,KS,24.7,2415
Graham County,NC,12.9,8030
Grainger County,TN,10.7,23527
Grand County,CO,38,15717
Grand County,UT,28.6,9669
Grand Forks County,ND,35.6,73170
Grand Isle County,VT,39.8,7293
Grand Traverse County,MI,36,95238
Granite County,MT,28.9,3309
Grant County,AR,18.7,17958
Grant County,IN,17.9,66674
Grant County,KS,14.9,7352
Grant County,KY,12.9,24941
Grant County,MN,18.8,6074
Grant County,ND,18.1,2301
Grant County,NE,26.8,611
Grant County,NM,28.8,28185
Grant County,OK,24.6,4169
Grant County,OR,18.9,7233
Grant County,SD,21.9,7556
Grant County,WA,17.7,99123
Grant County,WI,23.8,51938
Grant County,WV,13.8,10976
Grant Parish,LA,8.5,22169
Granville County,NC,22.5,60992
Gratiot County,MI,15.4,41761
Graves County,KY,17.4,36649
Gray County,KS,20.2,5653
Gray County,TX,13.9,21227
Grays Harbor County,WA,16.5,75636
Grayson County,KY,10.5,26420
Grayson County,TX,20.4,135543
Grayson County,VA,13.7,15333
Greeley County,KS,27.2,1284
Greeley County,NE,16.3,2188
Green County,KY,13.2,11107
Green County,WI,23.6,37093
Green Lake County,WI,20.2,19018
Greenbrier County,WV,19.9,32977
Greene County,AL,10.1,7730
Greene County,AR,16.2,45736
Greene County,GA,26.9,18915
Greene County,IA,18.7,8771
Greene County,IL,12.8,11985
Greene County,IN,14.9,30803
Greene County,MO,30.5,298915
Greene County,MS,9.7,13530
Greene County,NC,11,20451
Greene County,NY,22.1,47931
Greene County,OH,39.2,167966
Greene County,PA,17.6,35954
Greene County,TN,16.7,70152
Greene County,VA,29,20552
Greenlee County,AZ,13.5,9563
Greensville County,VA,9.2,11391
Greenup County,KY,17.1,35962
Greenville County,SC,35.1,525534
Greenwood County,KS,19.9,6016
Greenwood County,SC,24.6,69351
Greer County,OK,12.3,5491
Gregg County,TX,21.3,124239
Gregory County,SD,20.2,3994
Grenada County,MS,21.3,21629
Griggs County,ND,25.8,2306
Grimes County,TX,15.7,29268
Grundy County,IA,27.9,12329
Grundy County,IL,22.9,52533
Grundy County,MO,17.1,9808
Grundy County,TN,13.2,13529
Guadalupe County,NM,7.6,4452
Guadalupe County,TX,28.2,172706
Guernsey County,OH,14.6,38438
Guilford County,NC,36,541299
Gulf County,FL,19.2,14192
Gunnison County,CO,56.2,16918
Guthrie County,IA,19.8,10623
Gwinnett County,GA,36.9,957062
Haakon County,SD,15.6,1872
Habersham County,GA,19.3,46031
Haines Borough,AK,33.8,2080
Hale County,AL,14.2,14785
Hale County,TX,17.1,32522
Halifax County,NC,14.4,48622
Halifax County,VA,15.4,34022
Hall County,GA,24.5,203136
Hall County,NE,21.5,62895
Hall County,TX,15.9,2825
Hamblen County,TN,16.8,64499
Hamilton County,FL,7.9,14004
Hamilton County,IA,24.3,15039
Hamilton County,IL,17,7993
Hamilton County,IN,59.3,347467
Hamilton County,KS,18.7,2518
Hamilton County,NE,25,9429
Hamilton County,NY,16.8,5107
Hamilton County,OH,37.9,830639
Hamilton County,TN,32.2,366207
Hamilton County,TX,22.4,8222
Hamlin County,SD,21,6164
Hampden County,MA,27.1,465825
Hampshire County,MA,48.3,162308
Hampshire County,WV,12.4,23093
Hampton County,SC,11.9,18561
Hampton city,VA,26.9,137148
Hancock County,GA,8.6,8735
Hancock County,IA,23.8,10795
Hancock County,IL,21,17620
Hancock County,IN,30.8,79840
Hancock County,KY,11.4,9095
Hancock County,ME,34.1,55478
Hancock County,MS,22,46053
Hancock County,OH,27.1,74920
Hancock County,TN,11.2,6662
Hancock County,WV,17.4,29095
Hand County,SD,22.1,3145
Hanover County,VA,39.8,109979
Hansford County,TX,15.1,5285
Hanson County,SD,18.5,3461
Haralson County,GA,14.8,29919
Hardee County,FL,10.2,25327
Hardeman County,TN,11.2,25462
Hardeman County,TX,13.7,3549
Hardin County,IA,20.8,16878
Hardin County,IL,10.8,3649
Hardin County,KY,22,110702
Hardin County,OH,16.2,30696
Hardin County,TN,15,26831
Hardin County,TX,16.8,56231
Harding County,NM,21.7,657
Harding County,SD,26,1311
Hardy County,WV,14.5,14299
Harford County,MD,36.7,260924
Harlan County,KY,10.8,26831
Harlan County,NE,22.4,3073
Harmon County,OK,20.7,2488
Harnett County,NC,21.9,133568
Harney County,OR,18.4,7495
Harper County,KS,16.2,5485
Harper County,OK,19.3,3272
Harris County,GA,31.4,34668
Harris County,TX,31.5,4731145
Harrison County,IA,19.5,14582
Harrison County,IN,18.7,39654
Harrison County,KY,14.6,18692
Harrison County,MO,16.5,8157
Harrison County,MS,23.1,208621
Harrison County,OH,11.6,14483
Harrison County,TX,19.1,68839
Harrison County,WV,23.3,65921
Harrisonburg city,VA,36.3,51814
Hart County,GA,15.7,25828
Hart County,KY,11.4,19288
Hartford County,CT,38.1,899498
Hartley County,TX,17.8,5382
Harvey County,KS,33.2,34024
Haskell County,KS,17.1,3780
Haskell County,OK,16.2,11561
Haskell County,TX,11.9,5416
Hawaii County,HI,29.4,200629
Hawkins County,TN,13.7,56721
Hayes County,NE,18.3,856
Hays County,TX,37.2,241067
Haywood County,NC,26,62089
Haywood County,TN,11,17864
Heard County,GA,8.7,11412
Hemphill County,TX,21.2,3382
Hempstead County,AR,15.1,20065
Henderson County,IL,18.3,6387
Henderson County,KY,18.2,44793
Henderson County,NC,31.8,116281
Henderson County,TN,14.4,27842
Henderson County,TX,17.3,82150
Hendricks County,IN,37,174788
Hendry County,FL,8.3,39619
Hennepin County,MN,50.1,1281565
Henrico County,VA,43.7,334389
Henry County,AL,17.1,17146
Henry County,GA,28.5,240712
Henry County,IA,19.6,20482
Henry County,IL,23.3,49284
Henry County,IN,16.4,48914
Henry County,KY,13.1,15678
Henry County,MO,15.9,21946
Henry County,OH,17.2,27662
Henry County,TN,16.5,32199
Henry County,VA,13.9,50948
Herkimer County,NY,21.5,60139
Hernando County,FL,18.4,194515
Hertford County,NC,14.9,21552
Hettinger County,ND,13,2489
Hickman County,KY,15.8,4521
Hickman County,TN,10.9,24925
Hickory County,MO,9,8279
Hidalgo County,NM,14.6,4178
Hidalgo County,TX,18.7,870781
Highland County,OH,13.4,43317
Highland County,VA,22.5,2232
Highlands County,FL,17.2,101235
Hill County,MT,25.4,16309
Hill County,TX,17.4,35874
Hillsborough County,FL,33.5,1459762
Hillsborough County,NH,38.1,422937
Hillsdale County,MI,17.3,45746
Hinds County,MS,29,227742
Hinsdale County,CO,45.7,788
Hitchcock County,NE,17.6,2616
Hocking County,OH,14.4,28050
Hockley County,TX,15.8,21537
Hodgeman County,KS,30.8,1723
Hoke County,NC,17.7,52082
Holmes County,FL,10.7,19653
Holmes County,MS,10.2,17000
Holmes County,OH,9.7,44223
Holt County,MO,19.7,4223
Holt County,NE,22.4,10127
Honolulu County,HI,35,1016508
Hood County,TX,26.4,61598
Hood River County,OR,32,23977
Hooker County,NE,26.4,711
Hoonah-Angoon Census Area,AK,21.3,2365
Hopewell city,VA,14.8,23033
Hopkins County,KY,16.5,45423
Hopkins County,TX,20.1,36787
Horry County,SC,23.6,351029
Hot Spring County,AR,13.3,33040
Hot Springs County,WY,23.7,4621
Houghton County,MI,32.6,37361
Houston County,AL,21.7,107202
Houston County,GA,28.3,163633
Houston County,MN,24.8,18843
Houston County,TN,13,8283
Houston County,TX,15.2,22066
Howard County,AR,13.6,12785
Howard County,IA,15.8,9469
Howard County,IN,21.6,83658
Howard County,MD,62.6,332317
Howard County,MO,25.2,10151
Howard County,NE,21.1,6475
Howard County,TX,12.6,34860
Howell County,MO,18,39750
Hubbard County,MN,27.4,21344
Hudson County,NJ,42.3,724854
Hudspeth County,TX,10.7,3202
Huerfano County,CO,21.1,6820
Hughes County,OK,12.9,13367
Hughes County,SD,34.7,17765
Humboldt County,CA,30.4,136463
Humboldt County,IA,21.2,9597
Humboldt County,NV,16.8,17285
Humphreys County,MS,12.8,7785
Humphreys County,TN,14.3,18990
Hunt County,TX,19.9,99956
Hunterdon County,NJ,52.7,128947
Huntingdon County,PA,17.4,44092
Huntington County,IN,20.1,36662
Huron County,MI,16,31407
Huron County,OH,14.4,58565
Hutchinson County,SD,25.2,7427
Hutchinson County,TX,14,20617
Hyde County,NC,9.2,4589
Hyde County,SD,24.5,1262
Iberia Parish,LA,13.6,69929
Iberville Parish,LA,13.9,30241
Ida County,IA,18.6,7005
Idaho County,ID,19.8,16541
Imperial County,CA,15.2,179702
Independence County,AR,17.5,37938
Indian River County,FL,29.1,159788
Indiana County,PA,23,83246
Ingham County,MI,38.9,284900
Inyo County,CA,27.2,19016
Ionia County,MI,16.4,66804
Iosco County,MI,15.9,25237
Iowa County,IA,18.8,16662
Iowa County,WI,24.6,23709
Iredell County,NC,28.4,186693
Irion County,TX,15,1513
Iron County,MI,18.5,11631
Iron County,MO,10.8,9537
Iron County,UT,29.8,57289
Iron County,WI,20,6137
Iroquois County,IL,15.9,27077
Irwin County,GA,15.1,9666
Isabella County,MI,29.1,64394
Isanti County,MN,18.5,41135
Island County,WA,33.6,86857
Isle of Wight County,VA,27,38606
Issaquena County,MS,3.2,1338
Itasca County,MN,23.1,45014
Itawamba County,MS,13.2,23863
Izard County,AR,13.1,13577
Jack County,TX,13.5,8472
Jackson County,AL,14,52579
Jackson County,AR,10.1,16755
Jackson County,CO,20,1379
Jackson County,FL,12.6,47319
Jackson County,GA,22.7,75907
Jackson County,IA,19.2,19485
Jackson County,IL,34.1,52974
Jackson County,IN,16.7,46428
Jackson County,KS,20.2,13232
Jackson County,KY,13.8,12955
Jackson County,MI,22.2,160366
Jackson County,MN,22.6,9989
Jackson County,MO,31.6,717204
Jackson County,MS,21.1,143252
Jackson County,NC,30.4,43109
Jackson County,OH,14.5,32653
Jackson County,OK,23.3,24785
Jackson County,OR,27.8,223259
Jackson County,SD,17.8,2806
Jackson County,TN,11,11617
Jackson County,TX,16.5,14988
Jackson County,WI,14.6,21145
Jackson County,WV,17.4,27791
Jackson Parish,LA,14,15031
James City County,VA,50.4,78254
Jasper County,GA,14.2,14588
Jasper County,IA,18.8,37813
Jasper County,IL,16.6,9287
Jasper County,IN,14.3,32918
Jasper County,MO,23.6,122761
Jasper County,MS,15.1,16367
Jasper County,SC,17.8,28791
Jasper County,TX,12.9,32980
Jay County,IN,11.4,20478
Jeff Davis County,GA,10.3,14779
Jeff Davis County,TX,30.5,1996
Jefferson County,AL,33.4,674721
Jefferson County,AR,18,67260
Jefferson County,CO,45.2,582910
Jefferson County,FL,22.3,14510
Jefferson County,GA,9.9,15709
Jefferson County,IA,31.5,15663
Jefferson County,ID,24.7,30891
Jefferson County,IL,17.9,37113
Jefferson County,IN,17.9,33147
Jefferson County,KS,23.2,18368
Jefferson County,KY,33.4,782969
Jefferson County,MO,20.4,226739
Jefferson County,MS,15.9,7260
Jefferson County,MT,35,12085
Jefferson County,NE,17.8,7240
Jefferson County,NY,22.2,116721
Jefferson County,OH,15.8,65249
Jefferson County,OK,14.7,5337
Jefferson County,OR,19.4,24502
Jefferson County,PA,15.9,44492
Jefferson County,TN,16.8,54683
Jefferson County,TX,19.7,256526
Jefferson County,WA,44.3,32977
Jefferson County,WI,25.4,84900
Jefferson County,WV,31.8,57701
Jefferson Davis County,MS,14.1,11321
Jefferson Davis Parish,LA,16.9,32250
Jefferson Parish,LA,26.8,440781
Jenkins County,GA,7.9,8674
Jennings County,IN,12,27613
Jerauld County,SD,22.5,1663
Jerome County,ID,16.1,24237
Jersey County,IL,20.3,21512
Jessamine County,KY,29.5,52991
Jewell County,KS,19.3,2932
Jim Hogg County,TX,13.4,4838
Jim Wells County,TX,12.2,38891
Jo Daviess County,IL,25,22035
Johnson County,AR,15.4,25749
Johnson County,GA,9.1,9189
Johnson County,IA,52.8,152854
Johnson County,IL,16,13308
Johnson County,IN,32.7,161765
Johnson County,KS,56,609863
Johnson County,KY,16.3,22680
Johnson County,MO,28.9,54013
Johnson County,NE,17.5,5290
Johnson County,TN,11.6,17948
Johnson County,TX,18.7,179927
Johnson County,WY,31.7,8447
Johnston County,NC,22.9,215999
Johnston County,OK,20.1,10272
Jones County,GA,19.6,28347
Jones County,IA,19.5,20646
Jones County,MS,20.8,67246
Jones County,NC,12.2,9172
Jones County,SD,25.7,917
Jones County,TX,11.7,19663
Josephine County,OR,17.5,88090
Juab County,UT,16,11786
Judith Basin County,MT,26.6,2023
Juneau City and Borough,AK,38.4,32255
Juneau County,WI,13.7,26718
Juniata County,PA,14.5,23509
Kalamazoo County,MI,38.8,261670
Kalawao County,HI,24.2,82
Kalkaska County,MI,11.9,17939
Kanabec County,MN,14.7,16032
Kanawha County,WV,25.5,180745
Kandiyohi County,MN,23.3,43732
Kane County,IL,33.1,516522
Kane County,UT,29.9,7667
Kankakee County,IL,20.8,107502
Karnes County,TX,15.3,14710
Kauai County,HI,29.2,73298
Kaufman County,TX,20.5,145310
Kay County,OK,18.9,43700
Kearney County,NE,26.7,6688
Kearny County,KS,14.7,3983
Keith County,NE,20.5,8335
Kemper County,MS,14.7,8988
Kenai Peninsula Borough,AK,24.6,58799
Kendall County,IL,36.2,131869
Kendall County,TX,42.1,44279
Kenedy County,TX,1,350
Kennebec County,ME,28.1,123642
Kenosha County,WI,26.1,169151
Kent County,DE,23.7,181851
Kent County,MD,35.1,19198
Kent County,MI,35.7,657974
Kent County,RI,33.3,170363
Kent County,TX,25.4,753
Kenton County,KY,31.7,169064
Keokuk County,IA,18.3,10033
Kern County,CA,16.4,909235
Kerr County,TX,27.4,52598
Kershaw County,SC,20.3,65403
Ketchikan Gateway Borough,AK,25.3,13948
Kewaunee County,WI,19.4,20563
Keweenaw County,MI,32,2046
Keya Paha County,NE,25,769
Kidder County,ND,17.7,2394
Kimball County,NE,16.1,3434
Kimble County,TX,22.5,4286
King County,TX,20.9,265
King County,WA,52.5,2269675
King George County,VA,36,26723
King William County,VA,21,17810
King and Queen County,VA,23.6,6608
Kingfisher County,OK,22.4,15184
Kingman County,KS,24.4,7470
Kings County,CA,14.7,152486
Kings County,NY,37.5,2736074
Kingsbury County,SD,21.5,5187
Kinney County,TX,12.1,3129
Kiowa County,CO,21.4,1446
Kiowa County,KS,28.1,2460
Kiowa County,OK,17.2,8509
Kit Carson County,CO,18.7,7087
Kitsap County,WA,33.2,275611
Kittitas County,WA,32.3,44337
Kittson County,MN,25.9,4207
Klamath County,OR,20,69413
Kleberg County,TX,24.6,31040
Klickitat County,WA,31.5,22735
Knott County,KY,14.9,14251
Knox County,IL,18.9,49967
Knox County,IN,16.9,36282
Knox County,KY,14.2,30193
Knox County,ME,33.5,40607
Knox County,MO,17.2,3744
Knox County,NE,21.6,8391
Knox County,OH,23,62721
Knox County,TN,37.6,478971
Knox County,TX,20.1,3353
Kodiak Island Borough,AK,28,13101
Koochiching County,MN,15.5,12062
Kootenai County,ID,25.2,171362
Kosciusko County,IN,23.3,80240
Kossuth County,IA,17.5,14828
La Crosse County,WI,34.9,120784
La Paz County,AZ,12,16557
La Plata County,CO,44.2,55638
La Salle County,TX,7.5,6664
LaGrange County,IN,10.5,40446
LaMoure County,ND,24.6,4093
LaPorte County,IN,18,112417
LaSalle County,IL,17.8,109658
La Salle Parish,LA,13.6,14791
Labette County,KS,18.7,20184
Lac qui Parle County,MN,18.8,6719
Lackawanna County,PA,28.3,215896
Laclede County,MO,14.6,36039
Lafayette County,AR,15.8,6308
Lafayette County,FL,11.8,8226
Lafayette County,MO,20.3,32984
Lafayette County,MS,45.6,55813
Lafayette County,WI,18.8,16611
Lafayette Parish,LA,33,241753
Lafourche Parish,LA,16.9,97557
Lake County,CA,15.5,68163
Lake County,CO,32.3,7436
Lake County,FL,24,383956
Lake County,IL,45.3,714342
Lake County,IN,22.6,498700
Lake County,MI,11.9,12096
Lake County,MN,28.8,10905
Lake County,MT,29.6,31134
Lake County,OH,27.4,232603
Lake County,OR,16.4,8160
Lake County,SD,33.1,11059
Lake County,TN,9.4,7005
Lake and Peninsula Borough,AK,16.1,1476
Lake of the Woods County,MN,16.7,3763
Lamar County,AL,11.9,13972
Lamar County,GA,15.8,18500
Lamar County,MS,34.1,64222
Lamar County,TX,18.7,50088
Lamb County,TX,14.4,13045
Lamoille County,VT,38.2,25945
Lampasas County,TX,19.9,21627
Lancaster County,NE,39.5,322608
Lancaster County,PA,27.3,552984
Lancaster County,SC,26.9,96016
Lancaster County,VA,31.5,10919
Lander County,NV,12.4,5734
Lane County,KS,23.1,1574
Lane County,OR,30.5,382971
Langlade County,WI,16.7,19491
Lanier County,GA,16.5,9877
Lapeer County,MI,18.3,88619
Laramie County,WY,28.5,100512
Larimer County,CO,47.3,359066
Larue County,KY,12.4,14867
Las Animas County,CO,19.5,14555
Lassen County,CA,12.9,32730
Latah County,ID,45.4,39517
Latimer County,OK,17.2,9444
Lauderdale County,AL,23.5,93564
Lauderdale County,MS,19.7,72984
Lauderdale County,TN,8.3,25143
Laurel County,KY,14.4,62613
Laurens County,GA,16.2,49570
Laurens County,SC,16.2,67539
Lavaca County,TX,16.7,20337
Lawrence County,AL,12.6,33073
Lawrence County,AR,15.4,16216
Lawrence County,IL,14.9,15280
Lawrence County,IN,15.8,45011
Lawrence County,KY,9.8,16293
Lawrence County,MO,16,38001
Lawrence County,MS,17.6,12016
Lawrence County,OH,14.9,58240
Lawrence County,PA,22.1,86070
Lawrence County,SD,35,25768
Lawrence County,TN,14.3,44159
Le Flore County,OK,14.6,48129
Le Sueur County,MN,23,28674
Lea County,NM,13.6,74455
Leake County,MS,14.3,21275
Leavenworth County,KS,31.5,81881
Lebanon County,PA,20.7,143257
Lee County,AL,35.3,174241
Lee County,AR,10.7,8600
Lee County,FL,28.2,760822
Lee County,GA,25.4,33163
Lee County,IA,16.4,33555
Lee County,IL,18.2,34145
Lee County,KY,8.3,7395
Lee County,MS,24.4,83343
Lee County,NC,21.5,63285
Lee County,SC,15.9,16531
Lee County,TX,14.6,17478
Lee County,VA,11.2,22173
Leelanau County,MI,44.7,22301
Leflore County,MS,18.5,28339
Lehigh County,PA,29.9,374557
Lemhi County,ID,22.9,7974
Lenawee County,MI,21,99423
Lenoir County,NC,14.9,55122
Leon County,FL,46.2,292198
Leon County,TX,14,15719
Leslie County,KY,8.7,10513
Letcher County,KY,12.1,21548
Levy County,FL,12.2,42915
Lewis County,ID,17.9,3533
Lewis County,KY,9.1,13080
Lewis County,MO,13.6,10032
Lewis County,NY,18.4,26582
Lewis County,TN,10.4,12582
Lewis County,WA,17.7,82149
Lewis County,WV,14.5,17033
Lewis and Clark County,MT,40.1,70973
Lexington County,SC,30.4,293991
Lexington city,VA,46.7,7320
Liberty County,FL,14.4,7974
Liberty County,GA,18.3,65256
Liberty County,MT,15.2,1959
Liberty County,TX,9.7,91628
Licking County,OH,26.1,178519
Limestone County,AL,25.7,103570
Limestone County,TX,14.8,22146
Lincoln County,AR,9.7,12941
Lincoln County,CO,12.6,5675
Lincoln County,GA,15.9,7690
Lincoln County,ID,10.3,5127
Lincoln County,KS,22.8,2939
Lincoln County,KY,13,24275
Lincoln County,ME,33.5,35237
Lincoln County,MN,19.3,5640
Lincoln County,MO,16.8,59574
Lincoln County,MS,16.2,34907
Lincoln County,MT,19.6,19677
Lincoln County,NC,23,86810
Lincoln County,NE,23.2,34676
Lincoln County,NM,25.8,20269
Lincoln County,NV,19.6,4499
Lincoln County,OK,15.5,33458
Lincoln County,OR,24.9,50395
Lincoln County,SD,37.6,65161
Lincoln County,TN,18.4,35319
Lincoln County,WA,25.1,10876
Lincoln County,WI,18.4,28415
Lincoln County,WV,9,20463
Lincoln County,WY,23.7,19581
Lincoln Parish,LA,35.6,48396
Linn County,IA,33.1,230299
Linn County,KS,16.2,9591
Linn County,MO,16.9,11874
Linn County,OR,19.3,128610
Lipscomb County,TX,19.7,3059
Litchfield County,CT,35.4,185186
Little River County,AR,12.5,12026
Live Oak County,TX,12.2,11335
Livingston County,IL,14.8,35815
Livingston County,KY,11.8,8888
Livingston County,MI,35.4,193866
Livingston County,MO,18.8,14557
Livingston County,NY,26.5,61834
Livingston Parish,LA,19.7,142282
Llano County,TX,25.3,21243
Logan County,AR,13.3,21131
Logan County,CO,20.2,21528
Logan County,IL,19.9,27987
Logan County,KS,16.6,2762
Logan County,KY,16.4,27432
Logan County,ND,19.6,1876
Logan County,NE,19.6,716
Logan County,OH,16.5,46150
Logan County,OK,27.7,49555
Logan County,WV,10,32567
Long County,GA,17.4,16168
Lonoke County,AR,20.6,74015
Lorain County,OH,24.9,312964
Los Alamos County,NM,67.4,19419
Los Angeles County,CA,32.5,10014009
Loudon County,TN,26.4,54886
Loudoun County,VA,61.3,420959
Louisa County,IA,14.9,10837
Louisa County,VA,24.1,37596
Loup County,NE,25.3,607
Love County,OK,13.5,10146
Loving County,TX,0,64
Lowndes County,AL,14.7,10311
Lowndes County,GA,25.3,118251
Lowndes County,MS,23.4,58879
Lubbock County,TX,30.1,310639
Lucas County,IA,17,8634
Lucas County,OH,26.3,431279
Luce County,MI,18.4,5339
Lumpkin County,GA,26.4,33488
Luna County,NM,12.5,25427
Lunenburg County,VA,11.3,11936
Luzerne County,PA,22.9,325594
Lycoming County,PA,23.4,114188
Lyman County,SD,20.3,3718
Lynchburg city,VA,35.6,79009
Lynn County,TX,17.3,5596
Lyon County,IA,20.7,11934
Lyon County,KS,27.5,32179
Lyon County,KY,16.9,8680
Lyon County,MN,26.1,25269
Lyon County,NV,14.4,59235
Mackinac County,MI,23.3,10834
Macomb County,MI,24.9,881217
Macon County,AL,20.4,19532
Macon County,GA,8.8,12082
Macon County,IL,22.1,103998
Macon County,MO,16.3,15209
Macon County,NC,23.8,37014
Macon County,TN,10.3,25216
Macoupin County,IL,18.4,44967
Madera County,CA,14.6,156255
Madison County,AL,42.8,388153
Madison County,AR,14.2,16521
Madison County,FL,14,17968
Madison County,GA,18.5,30120
Madison County,IA,24.5,16548
Madison County,ID,36.4,52913
Madison County,IL,26.8,265859
Madison County,IN,18.4,130129
Madison County,KY,30.8,92701
Madison County,MO,15.6,12626
Madison County,MS,48.4,109145
Madison County,MT,31.2,8623
Madison County,NC,28.5,21193
Madison County,NE,23,35585
Madison County,NY,26.2,68016
Madison County,OH,17.5,43824
Madison County,TN,25.6,98823
Madison County,TX,14.7,13455
Madison County,VA,23.4,13837
Madison Parish,LA,12.8,10017
Magoffin County,KY,9.5,11637
Mahaska County,IA,22,22190
Mahnomen County,MN,13.2,5411
Mahoning County,OH,24.2,228614
Major County,OK,20,7782
Malheur County,OR,13.7,31571
Manassas Park city,VA,27.9,17219
Manassas city,VA,29.6,42772
Manatee County,FL,29.8,399710
Manistee County,MI,20.3,25032
Manitowoc County,WI,20.2,81359
Marathon County,WI,25.4,138013
Marengo County,AL,16.1,19323
Maricopa County,AZ,32.7,4420568
Maries County,MO,15.8,8432
Marin County,CA,59.5,262321
Marinette County,WI,15.9,41872
Marion County,AL,12.8,29341
Marion County,AR,17.1,16826
Marion County,FL,20.1,375908
Marion County,GA,13.4,7498
Marion County,IA,28.8,33414
Marion County,IL,15.2,37729
Marion County,IN,30.9,977203
Marion County,KS,25,11823
Marion County,KY,12.6,19581
Marion County,MO,22.4,28525
Marion County,MS,12.3,24441
Marion County,OH,12.5,65359
Marion County,OR,23.5,345920
Marion County,SC,13.5,29183
Marion County,TN,12.8,28837
Marion County,TX,14.7,9725
Marion County,WV,22.6,56205
Mariposa County,CA,24.6,17131
Marlboro County,SC,8.9,26667
Marquette County,MI,32.9,66017
Marquette County,WI,15.1,15592
Marshall County,AL,19.4,97612
Marshall County,IA,18.8,40105
Marshall County,IL,18.9,11742
Marshall County,IN,19.7,46095
Marshall County,KS,18.9,10038
Marshall County,KY,19.2,31659
Marshall County,MN,19.1,9040
Marshall County,MS,13.8,33752
Marshall County,OK,14.8,15312
Marshall County,SD,24.1,4306
Marshall County,TN,14.7,34318
Marshall County,WV,18,30591
Martin County,FL,34.1,158431
Martin County,IN,13.7,9812
Martin County,KY,11.7,11287
Martin County,MN,20.5,20025
Martin County,NC,16.4,22031
Martin County,TX,18.3,5237
Martinsville city,VA,21,13485
Mason County,IL,16,13086
Mason County,KY,19.5,17120
Mason County,MI,23.1,29052
Mason County,TX,27.6,3953
Mason County,WA,17.6,65726
Mason County,WV,14.4,25453
Massac County,IL,13.9,14169
Matagorda County,TX,17.4,36255
Matanuska-Susitna Borough,AK,21.6,107081
Mathews County,VA,27.9,8533
Maui County,HI,27.2,164754
Maury County,TN,23,100974
Maverick County,TX,12.7,57887
Mayes County,OK,14.3,39046
McClain County,OK,25,41662
McCone County,MT,17.2,1729
McCook County,SD,24.1,5682
McCormick County,SC,20.5,9526
McCracken County,KY,24.2,67875
McCreary County,KY,7.2,16888
McCulloch County,TX,17.3,7630
McCurtain County,OK,13.4,30814
McDonald County,MO,11.5,23303
McDonough County,IL,32.2,27238
McDowell County,NC,17.4,44578
McDowell County,WV,5.4,19111
McDuffie County,GA,14,21632
McHenry County,IL,34.4,310229
McHenry County,ND,21.4,5345
McIntosh County,GA,17.6,10975
McIntosh County,ND,15.6,2530
McIntosh County,OK,13.9,18941
McKean County,PA,18.9,40432
McKenzie County,ND,25.8,14704
McKinley County,NM,11.4,72902
McLean County,IL,44.8,170954
McLean County,KY,13.5,9152
McLean County,ND,20.8,9771
McLennan County,TX,24.2,260579
McLeod County,MN,17.6,36771
McMinn County,TN,16.2,53276
McMullen County,TX,28.8,600
McNairy County,TN,12.6,25866
McPherson County,KS,28,30223
McPherson County,NE,22,399
McPherson County,SD,17.7,2411
Meade County,KS,20.3,4055
Meade County,KY,19.4,30003
Meade County,SD,27.2,29852
Meagher County,MT,29.3,1927
Mecklenburg County,NC,45.4,1115482
Mecklenburg County,VA,20.2,30319
Mecosta County,MI,22.7,39714
Medina County,OH,33.9,182470
Medina County,TX,19.8,50748
Meeker County,MN,19.5,23400
Meigs County,OH,13.1,22210
Meigs County,TN,9.8,12758
Mellette County,SD,12,1918
Menard County,IL,24,12297
Menard County,TX,18,1962
Mendocino County,CA,24.4,91601
Menifee County,KY,11.2,6113
Menominee County,MI,16.3,23502
Menominee County,WI,17.9,4255
Merced County,CA,13.8,281202
Mercer County,IL,17.4,15699
Mercer County,KY,18.5,22641
Mercer County,MO,18.9,3538
Mercer County,ND,21.7,8350
Mercer County,NJ,42.6,387340
Mercer County,OH,18.3,42528
Mercer County,PA,22.8,110652
Mercer County,WV,19.4,59664
Meriwether County,GA,10.4,20613
Merrick County,NE,17.8,7668
Merrimack County,NH,35.6,153808
Mesa County,CO,28.2,155703
Metcalfe County,KY,13,10286
Miami County,IN,13,35962
Miami County,KS,29.8,34191
Miami County,OH,23.3,108774
Miami-Dade County,FL,29.8,2701767
Middlesex County,CT,42.2,164245
Middlesex County,MA,56.3,1632002
Middlesex County,NJ,43.6,863162
Middlesex County,VA,21.5,10625
Midland County,MI,35.2,83494
Midland County,TX,27.4,169983
Mifflin County,PA,11.9,46143
Milam County,TX,14.1,24754
Millard County,UT,20.6,12975
Mille Lacs County,MN,14.7,26459
Miller County,AR,16.8,42600
Miller County,GA,14,6000
Miller County,MO,19.4,24722
Mills County,IA,24.1,14484
Mills County,TX,18.3,4456
Milwaukee County,WI,31,939489
Miner County,SD,18.5,2298
Mineral County,CO,46.5,865
Mineral County,MT,16.1,4535
Mineral County,NV,14.9,4554
Mineral County,WV,15.5,26938
Mingo County,WV,9.9,23568
Minidoka County,ID,14.1,21613
Minnehaha County,SD,33.1,197214
Missaukee County,MI,14,15052
Mississippi County,AR,13.8,40685
Mississippi County,MO,11.5,12577
Missoula County,MT,43,117922
Mitchell County,GA,9.7,21755
Mitchell County,IA,19,10565
Mitchell County,KS,26.1,5796
Mitchell County,NC,20.5,14903
Mitchell County,TX,11.3,8990
Mobile County,AL,23.2,414809
Modoc County,CA,15.2,8700
Moffat County,CO,17.6,13292
Mohave County,AZ,12.9,213267
Moniteau County,MO,20.5,15473
Monmouth County,NJ,46,643615
Mono County,CA,28.8,13195
Monona County,IA,15.3,8751
Monongalia County,WV,42.8,105822
Monroe County,AL,13.5,19772
Monroe County,AR,12.7,6799
Monroe County,FL,34.4,82874
Monroe County,GA,26.8,27957
Monroe County,IA,17.4,7577
Monroe County,IL,35,34962
Monroe County,IN,45.7,139718
Monroe County,KY,14.4,11338
Monroe County,MI,20.5,154809
Monroe County,MO,12.4,8666
Monroe County,MS,16.7,34180
Monroe County,NY,38.6,759443
Monroe County,OH,12.5,13385
Monroe County,PA,24.7,168327
Monroe County,TN,13.4,46250
Monroe County,WI,20.6,46274
Monroe County,WV,15.3,12376
Montague County,TX,16.9,19965
Montcalm County,MI,13.3,66614
Monterey County,CA,24.7,439035
Montezuma County,CO,29.6,25849
Montgomery County,AL,33.4,228954
Montgomery County,AR,13.5,8484
Montgomery County,GA,16,8610
Montgomery County,IA,18.5,10330
Montgomery County,IL,16.7,28288
Montgomery County,IN,18.2,37936
Montgomery County,KS,19.5,31486
Montgomery County,KY,15.7,28114
Montgomery County,MD,58.9,1062061
Montgomery County,MO,14,11322
Montgomery County,MS,19.3,9822
Montgomery County,NC,15.7,25751
Montgomery County,NY,17.8,49532
Montgomery County,OH,27.9,537309
Montgomery County,PA,49.3,856553
Montgomery County,TN,28.5,220069
Montgomery County,TX,34.5,620443
Montgomery County,VA,45.5,99721
Montmorency County,MI,13.7,9153
Montour County,PA,31.6,18136
Montrose County,CO,25.2,42679
Moody County,SD,21.3,6336
Moore County,NC,37.4,99727
Moore County,TN,22.7,6461
Moore County,TX,14.3,21358
Mora County,NM,11,4189
Morehouse Parish,LA,13,25629
Morgan County,AL,22.4,123421
Morgan County,CO,17.5,29111
Morgan County,GA,20.7,20097
Morgan County,IL,19.3,32915
Morgan County,IN,17.3,71780
Morgan County,KY,12.5,13726
Morgan County,MO,13.3,21006
Morgan County,OH,10.2,13802
Morgan County,TN,9.4,21035
Morgan County,UT,39.4,12295
Morgan County,WV,17,17063
Morrill County,NE,19.5,4555
Morris County,KS,21.4,5386
Morris County,NJ,54.1,509285
Morris County,TX,14.3,11973
Morrison County,MN,17.3,34010
Morrow County,OH,13.8,34950
Morrow County,OR,9,12186
Morton County,KS,17.3,2701
Morton County,ND,26.9,33291
Motley County,TX,16.8,1063
Moultrie County,IL,18.6,14526
Mountrail County,ND,20.4,9809
Mower County,MN,22.2,40029
Muhlenberg County,KY,12.6,30928
Multnomah County,OR,45.9,815428
Murray County,GA,10.1,39973
Murray County,MN,20.7,8179
Murray County,OK,17.4,13904
Muscatine County,IA,21.5,43235
Muscogee County,GA,25.8,206922
Muskegon County,MI,19.7,175824
Muskingum County,OH,16.1,86410
Muskogee County,OK,20.4,66339
Musselshell County,MT,16.3,4730
Nacogdoches County,TX,24.5,64653
Nance County,NE,18.3,3380
Nantucket County,MA,52.8,14255
Napa County,CA,35.7,138019
Nash County,NC,20.8,94970
Nassau County,FL,29.6,90352
Nassau County,NY,46,1395774
Natchitoches Parish,LA,19,37515
Natrona County,WY,22.8,79955
Navajo County,AZ,15.3,106717
Navarro County,TX,15.9,52624
Nelson County,KY,18,46738
Nelson County,ND,25,3015
Nelson County,VA,30.4,14775
Nemaha County,KS,25.4,10273
Nemaha County,NE,27.8,7074
Neosho County,KS,18.1,15904
Neshoba County,MS,11.6,29087
Ness County,KS,19.4,2687
Nevada County,AR,14.6,8310
Nevada County,CA,37.2,102241
New Castle County,DE,36.2,570719
New Hanover County,NC,40.6,225702
New Haven County,CT,35,864835
New Kent County,VA,26.9,22945
New London County,CT,33.3,268555
New Madrid County,MO,12.1,16434
New York County,NY,61.3,1694251
Newaygo County,MI,16.6,49978
Newberry County,SC,17.9,37719
Newport County,RI,48.1,85643
Newport News city,VA,26.3,186247
Newton County,AR,20.5,7225
Newton County,GA,19.8,112483
Newton County,IN,11.9,13830
Newton County,MO,20,58648
Newton County,MS,16.4,21291
Newton County,TX,9.7,12217
Nez Perce County,ID,22.9,42090
Niagara County,NY,24.6,212666
Nicholas County,KY,8.9,7537
Nicholas County,WV,15.6,24604
Nicollet County,MN,33.8,34454
Niobrara County,WY,18,2467
Noble County,IN,13.7,47457
Noble County,OH,9.9,14115
Noble County,OK,23.2,10924
Nobles County,MN,15.3,22290
Nodaway County,MO,28.6,21241
Nolan County,TX,15.2,14738
Nome Census Area,AK,16.1,10046
Norfolk County,MA,53.6,725981
Norfolk city,VA,28.8,238005
Norman County,MN,19.1,6441
North Slope Borough,AK,16.5,11031
Northampton County,NC,13.8,17471
Northampton County,PA,30.3,312951
Northampton County,VA,22.6,12282
Northumberland County,PA,16.6,91647
Northumberland County,VA,28.9,11839
Northwest Arctic Borough,AK,13.2,7793
Norton County,KS,18.8,5459
Norton city,VA,22.8,3687
Nottoway County,VA,14.8,15642
Nowata County,OK,11.5,9320
Noxubee County,MS,15.6,10285
Nuckolls County,NE,20.9,4095
Nueces County,TX,21.8,353178
Nye County,NV,10.7,51591
O'Brien County,IA,18.8,14182
Oakland County,MI,47.2,1274395
Obion County,TN,15.3,30787
Ocean County,NJ,30,637229
Oceana County,MI,19.5,26659
Ochiltree County,TX,15.6,10015
Oconee County,GA,52.3,41799
Oconee County,SC,25.8,78607
Oconto County,WI,16.8,38965
Ogemaw County,MI,12.2,20770
Ogle County,IL,21.4,51788
Oglethorpe County,GA,17.1,14825
Ohio County,IN,14.7,5940
Ohio County,KY,13.6,23772
Ohio County,WV,32,42425
Okaloosa County,FL,31.1,211668
Okanogan County,WA,20,42104
Okeechobee County,FL,11.3,39644
Okfuskee County,OK,11.6,11310
Oklahoma County,OK,32,796292
Okmulgee County,OK,14.1,36706
Oktibbeha County,MS,42.6,51788
Oldham County,KY,42.4,67607
Oldham County,TX,22,1758
Oliver County,ND,21.1,1877
Olmsted County,MN,44.9,162847
Oneida County,ID,17.1,4564
Oneida County,NY,25.7,232125
Oneida County,WI,27.2,37845
Onondaga County,NY,35.9,476516
Onslow County,NC,22.9,204576
Ontario County,NY,36.3,112458
Ontonagon County,MI,16.5,5816
Orange County,CA,40.6,3186989
Orange County,FL,34.6,1429908
Orange County,IN,10.9,19867
Orange County,NC,59.7,148696
Orange County,NY,30.3,401310
Orange County,TX,15.5,84808
Orange County,VA,25.1,36254
Orange County,VT,29.1,29277
Orangeburg County,SC,19.9,84223
Oregon County,MO,14.6,8635
Orleans County,NY,16.2,40343
Orleans County,VT,21.5,27393
Orleans Parish,LA,37.6,383997
Osage County,KS,19.2,15766
Osage County,MO,18.9,13274
Osage County,OK,18,45818
Osborne County,KS,23.6,3500
Osceola County,FL,21.8,388656
Osceola County,IA,17.9,6192
Osceola County,MI,14.2,22891
Oscoda County,MI,10.6,8219
Oswego County,NY,19,117525
Otero County,CO,18.6,18690
Otero County,NM,17.5,67839
Otoe County,NE,23.4,15912
Otsego County,MI,23.6,25091
Otsego County,NY,31.1,58524
Ottawa County,KS,24.5,5735
Ottawa County,MI,34.1,296200
Ottawa County,OH,23.1,40364
Ottawa County,OK,14.5,30285
Otter Tail County,MN,24.9,60081
Ouachita County,AR,14.5,22650
Ouachita Parish,LA,24.2,160368
Ouray County,CO,47.8,4874
Outagamie County,WI,29.7,190705
Overton County,TN,12.8,22511
Owen County,IN,13.1,21321
Owen County,KY,10.9,11278
Owsley County,KY,16.2,4051
Owyhee County,ID,12,11913
Oxford County,ME,19.2,57777
Ozark County,MO,11,8553
Ozaukee County,WI,49,91503
Pacific County,WA,18.9,23365
Page County,IA,20.2,15211
Page County,VA,13.7,23709
Palm Beach County,FL,36.7,1492191
Palo Alto County,IA,25.5,8996
Palo Pinto County,TX,16.6,28409
Pamlico County,NC,18.5,12276
Panola County,MS,14.9,33208
Panola County,TX,16.1,22491
Park County,CO,29.8,17390
Park County,MT,31.5,17191
Park County,WY,34,29624
Parke County,IN,12,16156
Parker County,TX,26.4,148222
Parmer County,TX,17.9,9869
Pasco County,FL,24,561891
Pasquotank County,NC,22.1,40568
Passaic County,NJ,28.2,524118
Patrick County,VA,15.2,17608
Paulding County,GA,22.6,168661
Paulding County,OH,15.6,18806
Pawnee County,KS,19.6,6253
Pawnee County,NE,17.1,2544
Pawnee County,OK,16.6,15553
Payette County,ID,15.7,25386
Payne County,OK,37.4,81646
Peach County,GA,20.5,27981
Pearl River County,MS,16.7,56145
Pecos County,TX,9.8,15193
Pembina County,ND,20.6,6844
Pemiscot County,MO,12.7,15661
Pend Oreille County,WA,20.8,13401
Pender County,NC,27.9,60203
Pendleton County,KY,13.2,14644
Pendleton County,WV,14.1,6143
Pennington County,MN,19.3,13992
Pennington County,SD,31.5,109222
Penobscot County,ME,27.7,152199
Peoria County,IL,30.6,181830
Pepin County,WI,20.6,7318
Perkins County,NE,28.1,2858
Perkins County,SD,20.3,2835
Perquimans County,NC,20.2,13005
Perry County,AL,22.8,8511
Perry County,AR,12.7,10019
Perry County,IL,12.5,20945
Perry County,IN,16.1,19170
Perry County,KY,14.4,28473
Perry County,MO,17.7,18956
Perry County,MS,10.7,11511
Perry County,OH,12.2,35408
Perry County,PA,16.7,45842
Perry County,TN,11.5,8366
Pershing County,NV,11.1,6650
Person County,NC,15.6,39097
Petersburg Borough,AK,28.4,3398
Petersburg city,VA,19.8,33458
Petroleum County,MT,32.6,496
Pettis County,MO,18,42980
Phelps County,MO,29.1,44638
Phelps County,NE,23.5,8968
Philadelphia County,PA,29.7,1603797
Phillips County,AR,13.8,16568
Phillips County,CO,23.8,4530
Phillips County,KS,21.8,4981
Phillips County,MT,17.2,4217
Piatt County,IL,28.6,16673
Pickaway County,OH,18.4,58539
Pickens County,AL,14.1,19123
Pickens County,GA,23.1,33216
Pickens County,SC,26,131404
Pickett County,TN,9.4,5001
Pierce County,GA,12.6,19716
Pierce County,ND,21,3990
Pierce County,NE,23.2,7317
Pierce County,WA,27.2,921130
Pierce County,WI,29.2,42212
Pike County,AL,23.7,33009
Pike County,AR,17.3,10171
Pike County,GA,17.1,18889
Pike County,IL,17.8,14739
Pike County,IN,14.1,12250
Pike County,KY,13,58669
Pike County,MO,15.6,17587
Pike County,MS,16.6,40324
Pike County,OH,12.6,27088
Pike County,PA,26.8,58535
Pima County,AZ,32.4,1043433
Pinal County,AZ,19.5,425264
Pine County,MN,14.9,28876
Pinellas County,FL,31.7,959107
Pipestone County,MN,21.3,9424
Piscataquis County,ME,18.4,16800
Pitkin County,CO,60.8,17358
Pitt County,NC,32.7,170243
Pittsburg County,OK,16.1,43773
Pittsylvania County,VA,14.5,60501
Piute County,UT,20.2,1438
Placer County,CA,39.7,404739
Plaquemines Parish,LA,19.1,23515
Platte County,MO,43.1,106718
Platte County,NE,21.8,34296
Platte County,WY,20.7,8605
Pleasants County,WV,11.6,7653
Plumas County,CA,23.7,19790
Plymouth County,IA,23.2,25698
Plymouth County,MA,37.6,530819
Pocahontas County,IA,15,7078
Pocahontas County,WV,14.8,7869
Poinsett County,AR,11.1,22965
Pointe Coupee Parish,LA,14.9,20758
Polk County,AR,14.1,19221
Polk County,FL,20.2,725046
Polk County,GA,13.7,42853
Polk County,IA,36.7,492401
Polk County,MN,25.3,31192
Polk County,MO,19.9,31519
Polk County,NC,29.1,19328
Polk County,NE,21.8,5214
Polk County,OR,31,87433
Polk County,TN,11.9,17544
Polk County,TX,13.1,50123
Polk County,WI,20.9,44977
Pondera County,MT,24,5898
Pontotoc County,MS,18.1,31184
Pontotoc County,OK,28.2,38065
Pope County,AR,22.8,63381
Pope County,IL,13.1,3763
Pope County,MN,22.9,11308
Poquoson city,VA,42.2,12460
Portage County,OH,29,161791
Portage County,WI,32.9,70377
Porter County,IN,28.4,173215
Portsmouth city,VA,21.9,97915
Posey County,IN,21.9,25222
Pottawatomie County,KS,33.8,25348
Pottawatomie County,OK,18.3,72454
Pottawattamie County,IA,21.5,93667
Potter County,PA,15.4,16396
Potter County,SD,22.3,2472
Potter County,TX,14.9,118525
Powder River County,MT,24.4,1694
Powell County,KY,15.9,13129
Powell County,MT,20.4,6946
Power County,ID,15.1,7878
Poweshiek County,IA,26.1,18662
Powhatan County,VA,29.2,30333
Prairie County,AR,15.4,8282
Prairie County,MT,22.2,1088
Pratt County,KS,30.3,9157
Preble County,OH,16.3,40999
Prentiss County,MS,12.4,25008
Presidio County,TX,21.2,6131
Presque Isle County,MI,17.9,12982
Preston County,WV,16.9,34216
Price County,WI,16.5,14054
Prince Edward County,VA,26.8,21849
Prince George County,VA,23.6,43010
Prince George's County,MD,33.1,967201
Prince William County,VA,41.1,482204
Prince of Wales-Hyder Census Area,AK,18.3,5753
Providence County,RI,29,660741
Prowers County,CO,18.3,11999
Pueblo County,CO,21.8,168162
Pulaski County,AR,34.3,399125
Pulaski County,GA,13.2,9855
Pulaski County,IL,12.5,5193
Pulaski County,IN,12.8,12514
Pulaski County,KY,16.5,65034
Pulaski County,MO,28.3,53955
Pulaski County,VA,20,33800
Pushmataha County,OK,14.3,10812
Putnam County,FL,12.3,73321
Putnam County,GA,23.4,22047
Putnam County,IL,16.6,5637
Putnam County,IN,16.8,36726
Putnam County,MO,19.3,4681
Putnam County,NY,39.6,97668
Putnam County,OH,20.9,34451
Putnam County,TN,26.4,79854
Putnam County,WV,26.1,57440
Quay County,NM,17.1,8746
Queen Anne's County,MD,36.5,49874
Queens County,NY,32.2,2405464
Quitman County,GA,7.1,2235
Quitman County,MS,10.3,6176
Rabun County,GA,24.2,16883
Racine County,WI,25.2,197727
Radford city,VA,38,16070
Rains County,TX,13.7,12164
Raleigh County,WV,18.4,74591
Ralls County,MO,14.9,10355
Ramsey County,MN,42.3,552352
Ramsey County,ND,26.4,11605
Randall County,TX,32.4,140753
Randolph County,AL,16.5,21967
Randolph County,AR,13.8,18571
Randolph County,GA,10.3,6425
Randolph County,IL,13.3,30163
Randolph County,IN,14.3,24502
Randolph County,MO,15.1,24716
Randolph County,NC,15.7,144171
Randolph County,WV,17.3,27932
Rankin County,MS,29,157031
Ransom County,ND,19.1,5703
Rapides Parish,LA,20.9,130023
Rappahannock County,VA,35.8,7348
Ravalli County,MT,27.8,44174
Rawlins County,KS,24.1,2561
Ray County,MO,14.6,23158
Reagan County,TX,10.5,3385
Real County,TX,17.4,2758
Red Lake County,MN,16.2,3935
Red River County,TX,12.5,11587
Red River Parish,LA,13.9,7620
Red Willow County,NE,19.1,10702
Redwood County,MN,19.1,15425
Reeves County,TX,12.3,14748
Refugio County,TX,11.5,6741
Reno County,KS,20.9,61898
Rensselaer County,NY,32,161130
Renville County,MN,15.2,14723
Renville County,ND,20.1,2282
Republic County,KS,25.5,4674
Reynolds County,MO,13.7,6096
Rhea County,TN,16.9,32870
Rice County,KS,22.8,9427
Rice County,MN,28.3,67097
Rich County,UT,23,2510
Richardson County,NE,19,7871
Richland County,IL,21,15813
Richland County,MT,18.9,11491
Richland County,ND,21.3,16529
Richland County,OH,18.3,124936
Richland County,SC,39.1,416147
Richland County,WI,19,17304
Richland Parish,LA,13.2,20043
Richmond County,GA,21.4,206607
Richmond County,NC,15.7,42946
Richmond County,NY,33.9,495747
Richmond County,VA,17.7,8923
Richmond city,VA,39.6,226610
Riley County,KS,45.6,71959
Ringgold County,IA,21.4,4663
Rio Arriba County,NM,19.3,40363
Rio Blanco County,CO,22.7,6529
Rio Grande County,CO,24.5,11539
Ripley County,IN,18,28995
Ripley County,MO,10.2,10679
Ritchie County,WV,11.3,8444
Riverside County,CA,22.3,2418185
Roane County,TN,19.8,53404
Roane County,WV,13.1,14028
Roanoke County,VA,35.6,96929
Roanoke city,VA,23.4,100011
Roberts County,SD,17.3,10280
Roberts County,TX,25,827
Robertson County,KY,16.3,2193
Robertson County,TN,19.6,72803
Robertson County,TX,16.1,16757
Robeson County,NC,13.7,116530
Rock County,MN,23.8,9704
Rock County,NE,23.2,1262
Rock County,WI,22.1,163687
Rock Island County,IL,23.5,144672
Rockbridge County,VA,26.7,22650
Rockcastle County,KY,11.4,16037
Rockdale County,GA,26.3,93570
Rockingham County,NC,15.1,91096
Rockingham County,NH,41.4,314176
Rockingham County,VA,26.3,83757
Rockland County,NY,41.1,338329
Rockwall County,TX,40.7,107819
Roger Mills County,OK,16.2,3442
Rogers County,OK,24.9,95240
Rolette County,ND,19.6,12187
Rooks County,KS,23.1,4919
Roosevelt County,MT,17.4,10794
Roosevelt County,NM,23.9,19191
Roscommon County,MI,15.5,23459
Roseau County,MN,20.3,15331
Rosebud County,MT,17.8,8329
Ross County,OH,15.8,77093
Routt County,CO,49.8,24829
Rowan County,KY,25.1,24662
Rowan County,NC,18.5,146875
Runnels County,TX,18.1,9900
Rush County,IN,13.9,16752
Rush County,KS,23.7,2956
Rusk County,TX,15.5,52214
Rusk County,WI,16.6,14188
Russell County,AL,17.8,59183
Russell County,KS,23.1,6691
Russell County,KY,14.7,17991
Russell County,VA,12.2,25781
Rutherford County,NC,17.8,64444
Rutherford County,TN,32.2,341486
Rutland County,VT,30.8,60572
Sabine County,TX,17.6,9894
Sabine Parish,LA,13.3,22155
Sac County,IA,20,9814
Sacramento County,CA,30.9,1585055
Sagadahoc County,ME,36.4,36699
Saginaw County,MI,20.8,190124
Saguache County,CO,22.1,6368
Salem County,NJ,21,64837
Salem city,VA,27.9,25346
Saline County,AR,26.7,123416
Saline County,IL,19.2,23768
Saline County,KS,27.3,54303
Saline County,MO,19.4,23333
Saline County,NE,17.8,14292
Salt Lake County,UT,35.6,1185238
Saluda County,SC,16.8,18862
Sampson County,NC,13.7,59036
San Augustine County,TX,14,7918
San Benito County,CA,19.7,64209
San Bernardino County,CA,21,2181654
San Diego County,CA,38.8,3298634
San Francisco County,CA,58.1,873965
San Jacinto County,TX,11.2,27402
San Joaquin County,CA,18.8,779233
San Juan County,CO,35.7,705
San Juan County,NM,14.9,121661
San Juan County,UT,18.3,14518
San Juan County,WA,49.8,17788
San Luis Obispo County,CA,35.4,282424
San Mateo County,CA,51,764442
San Miguel County,CO,59.4,8072
San Miguel County,NM,21.4,27201
San Patricio County,TX,15.6,68755
San Saba County,TX,14.1,5730
Sanborn County,SD,21.6,2330
Sanders County,MT,17.9,12400
Sandoval County,NM,30.5,148834
Sandusky County,OH,16.1,58896
Sangamon County,IL,34.5,196343
Sanilac County,MI,14.2,40611
Sanpete County,UT,20.9,28437
Santa Barbara County,CA,34.2,448229
Santa Clara County,CA,52.4,1936259
Santa Cruz County,AZ,20.4,47669
Santa Cruz County,CA,40.8,270861
Santa Fe County,NM,41,154823
Santa Rosa County,FL,27.7,188000
Sarasota County,FL,35.4,434006
Saratoga County,NY,41.4,235509
Sargent County,ND,18.5,3862
Sarpy County,NE,39.8,190604
Sauk County,WI,24.1,65763
Saunders County,NE,25.4,22278
Sawyer County,WI,24.2,18074
Schenectady County,NY,32.1,158061
Schleicher County,TX,16.6,2451
Schley County,GA,13.3,4547
Schoharie County,NY,22.4,29714
Schoolcraft County,MI,15.6,8047
Schuyler County,IL,20.4,6902
Schuyler County,MO,12.6,4032
Schuyler County,NY,23.5,17898
Schuylkill County,PA,16.6,143049
Scioto County,OH,15.7,74008
Scotland County,MO,14.2,4716
Scotland County,NC,15.5,34174
Scott County,AR,9.3,9836
Scott County,IA,31.8,174669
Scott County,IL,15.8,4949
Scott County,IN,12,24384
Scott County,KS,25.1,5151
Scott County,KY,28.4,57155
Scott County,MN,39.9,150928
Scott County,MO,16.3,38059
Scott County,MS,11.4,27990
Scott County,TN,9.2,21850
Scott County,VA,13.3,21576
Scotts Bluff County,NE,22.9,36084
Screven County,GA,15.4,14067
Scurry County,TX,16.2,16932
Searcy County,AR,11.9,7828
Sebastian County,AR,21.3,127799
Sedgwick County,CO,19.5,2404
Sedgwick County,KS,30.9,523824
Seminole County,FL,39.6,470856
Seminole County,GA,16.2,9147
Seminole County,OK,14.3,23556
Seneca County,NY,21.1,33814
Seneca County,OH,16.8,55069
Sequatchie County,TN,15.1,15826
Sequoyah County,OK,14.4,39281
Sevier County,AR,12.8,15839
Sevier County,TN,17.4,98380
Sevier County,UT,18.5,21522
Seward County,KS,11,21964
Seward County,NE,28.9,17609
Shackelford County,TX,30.5,3105
Shannon County,MO,14.9,7031
Sharkey County,MS,19.5,3800
Sharp County,AR,10.2,17271
Shasta County,CA,22.2,182155
Shawano County,WI,15.7,40881
Shawnee County,KS,30.9,178909
Sheboygan County,WI,25.1,118034
Shelby County,AL,42.9,223024
Shelby County,IA,22.2,11746
Shelby County,IL,16.8,20990
Shelby County,IN,18.7,45055
Shelby County,KY,24.9,48065
Shelby County,MO,18.1,6103
Shelby County,OH,18.7,48230
Shelby County,TN,31.6,929744
Shelby County,TX,13.8,24022
Shenandoah County,VA,20.5,44186
Sherburne County,MN,26.6,97183
Sheridan County,KS,22,2447
Sheridan County,MT,23.9,3539
Sheridan County,ND,14.6,1265
Sheridan County,NE,22.8,5127
Sheridan County,WY,31,30921
Sherman County,KS,21.8,5927
Sherman County,NE,20.2,2959
Sherman County,OR,17.3,1870
Sherman County,TX,15,2782
Shiawassee County,MI,17,68094
Shoshone County,ID,11.5,13169
Sibley County,MN,16.4,14836
Sierra County,CA,17.9,3236
Sierra County,NM,21.1,11576
Silver Bow County,MT,27.2,35133
Simpson County,KY,14.2,19594
Simpson County,MS,16.2,25949
Sioux County,IA,29.1,35872
Sioux County,ND,15,3898
Sioux County,NE,30.6,1135
Siskiyou County,CA,23.2,44076
Sitka City and Borough,AK,33.4,8458
Skagit County,WA,26.2,129523
Skagway Municipality,AK,29.6,1240
Skamania County,WA,24.5,12036
Slope County,ND,25.9,706
Smith County,KS,22.3,3570
Smith County,MS,12.2,14209
Smith County,TN,14.4,19904
Smith County,TX,26.4,233479
Smyth County,VA,14.6,29800
Snohomish County,WA,32.8,827957
Snyder County,PA,19.8,39736
Socorro County,NM,22,16595
Solano County,CA,26.9,453491
Somerset County,MD,14.4,24620
Somerset County,ME,16.5,50477
Somerset County,NJ,54.7,345361
Somerset County,PA,15.9,74129
Somervell County,TX,26.4,9205
Sonoma County,CA,35.5,488863
Southampton County,VA,18.4,17996
Southeast Fairbanks Census Area,AK,19.7,6808
Spalding County,GA,17.8,67306
Spartanburg County,SC,24.5,327997
Spencer County,IN,15.2,19810
Spencer County,KY,20.3,19490
Spink County,SD,21.8,6361
Spokane County,WA,30.8,539339
Spotsylvania County,VA,31.7,140032
St. Bernard Parish,LA,11.6,43764
St. Charles County,MO,38.9,405262
St. Charles Parish,LA,25.3,52549
St. Clair County,AL,16.1,91103
St. Clair County,IL,28,257400
St. Clair County,MI,18.6,160383
St. Clair County,MO,13.9,9284
St. Croix County,WI,35.4,93536
St. Francis County,AR,10.4,23090
St. Francois County,MO,14.3,66922
St. Helena Parish,LA,16.7,10920
St. James Parish,LA,16.3,20192
St. John the Baptist Parish,LA,15.9,42477
St. Johns County,FL,44.7,273425
St. Joseph County,IN,29.6,272912
St. Joseph County,MI,16.2,60939
St. Landry Parish,LA,14.8,82540
St. Lawrence County,NY,23.8,108505
St. Louis County,MN,29.3,200231
St. Louis County,MO,43.6,1004125
St. Louis city,MO,36.3,301578
St. Lucie County,FL,21.6,329226
St. Martin Parish,LA,14.5,51767
St. Mary Parish,LA,10.2,49406
St. Mary's County,MD,31.9,113777
St. Tammany Parish,LA,33.8,264570
Stafford County,KS,25.2,4072
Stafford County,VA,39.9,156927
Stanislaus County,CA,17.1,552878
Stanley County,SD,32.1,2980
Stanly County,NC,17.3,62504
Stanton County,KS,19,2084
Stanton County,NE,17.8,5842
Stark County,IL,17,5400
Stark County,ND,22.4,33646
Stark County,OH,22.8,374853
Starke County,IN,11.9,23371
Starr County,TX,9.9,65920
Staunton city,VA,33.4,25750
Ste. Genevieve County,MO,19.7,18479
Stearns County,MN,27.5,158292
Steele County,MN,26,37406
Steele County,ND,30.9,1798
Stephens County,GA,21,26784
Stephens County,OK,16.9,42848
Stephens County,TX,16.2,9101
Stephenson County,IL,19.6,44630
Sterling County,TX,9.5,1372
Steuben County,IN,21.8,34435
Steuben County,NY,23.6,93584
Stevens County,KS,13.7,5250
Stevens County,MN,30.5,9671
Stevens County,WA,18.7,46445
Stewart County,GA,12.2,5314
Stewart County,TN,15.6,13657
Stillwater County,MT,25,8963
Stoddard County,MO,13.3,28672
Stokes County,NC,14.1,44520
Stone County,AR,13.9,12359
Stone County,MO,18.6,31076
Stone County,MS,15.8,18333
Stonewall County,TX,14.8,1245
Storey County,NV,31.4,4104
Story County,IA,51.6,98537
Strafford County,NH,35.8,130889
Stutsman County,ND,23.7,21593
Sublette County,WY,22.8,8728
Suffolk County,MA,46.1,797936
Suffolk County,NY,36.3,1525920
Suffolk city,VA,29.5,94324
Sullivan County,IN,12.1,20817
Sullivan County,MO,11.7,5999
Sullivan County,NH,28.1,43063
Sullivan County,NY,24.8,78624
Sullivan County,PA,17.2,5840
Sullivan County,TN,23.6,158163
Sully County,SD,25,1446
Summers County,WV,14.5,11959
Summit County,CO,52.4,31055
Summit County,OH,32.5,540428
Summit County,UT,55,42357
Sumner County,KS,23.3,22382
Sumner County,TN,28.1,196281
Sumter County,AL,21.6,12345
Sumter County,FL,31.8,129752
Sumter County,GA,18.3,29616
Sumter County,SC,19.3,105556
Sunflower County,MS,15.4,25971
Surry County,NC,18,71359
Surry County,VA,20.6,6561
Susquehanna County,PA,18.6,38434
Sussex County,DE,28.3,237378
Sussex County,NJ,36.1,144221
Sussex County,VA,12.7,10829
Sutter County,CA,18.2,99633
Sutton County,TX,17.1,3372
Suwannee County,FL,15.5,43474
Swain County,NC,18.2,14117
Sweet Grass County,MT,25.4,3678
Sweetwater County,WY,22.5,42272
Swift County,MN,19.6,9838
Swisher County,TX,15.3,6971
Switzerland County,IN,10.9,9737
Talbot County,GA,12.1,5733
Talbot County,MD,40.6,37526
Taliaferro County,GA,8.1,1559
Talladega County,AL,15,82149
Tallahatchie County,MS,10.3,12715
Tallapoosa County,AL,18.4,41311
Tama County,IA,15.8,17135
Taney County,MO,19.9,56066
Tangipahoa Parish,LA,20,133157
Taos County,NM,28.7,34489
Tarrant County,TX,32.3,2110640
Tate County,MS,15.8,28064
Tattnall County,GA,13.2,22842
Taylor County,FL,8.3,21796
Taylor County,GA,12.6,7816
Taylor County,IA,14.5,5896
Taylor County,KY,19.6,26023
Taylor County,TX,25.2,143208
Taylor County,WI,15.1,19913
Taylor County,WV,17.3,16705
Tazewell County,IL,26.3,131343
Tazewell County,VA,14.9,40429
Tehama County,CA,15.7,65829
Telfair County,GA,8.6,12477
Teller County,CO,37.7,24710
Tensas Parish,LA,11.4,4147
Terrebonne Parish,LA,15.6,109580
Terrell County,GA,11.2,9185
Terrell County,TX,18.4,760
Terry County,TX,11.4,11831
Teton County,ID,41,11630
Teton County,MT,24.9,6226
Teton County,WY,57,23331
Texas County,MO,13.5,24487
Texas County,OK,22.1,21384
Thayer County,NE,18.8,5034
Thomas County,GA,24.7,45798
Thomas County,KS,22.6,7930
Thomas County,NE,24.7,669
Throckmorton County,TX,21.7,1440
Thurston County,NE,16.4,6773
Thurston County,WA,35.7,294793
Tift County,GA,18.1,41344
Tillamook County,OR,21.8,27390
Tillman County,OK,17.3,6968
Tioga County,NY,26,48455
Tioga County,PA,19.1,41045
Tippah County,MS,15.2,21815
Tippecanoe County,IN,38.7,186251
Tipton County,IN,24.7,15359
Tipton County,TN,17.3,60970
Tishomingo County,MS,11.4,18850
Titus County,TX,16.3,31247
Todd County,KY,13.2,12243
Todd County,MN,15.1,25262
Todd County,SD,15.6,9319
Tolland County,CT,41.8,149788
Tom Green County,TX,24.5,120003
Tompkins County,NY,53.5,105740
Tooele County,UT,24.2,72698
Toole County,MT,15.2,4971
Toombs County,GA,16.2,27030
Torrance County,NM,14.8,15045
Towner County,ND,17,2162
Towns County,GA,30.1,12493
Traill County,ND,28.9,7997
Transylvania County,NC,32.6,32986
Traverse County,MN,17.5,3360
Travis County,TX,50,1290188
Treasure County,MT,25.4,762
Trego County,KS,24.8,2808
Trempealeau County,WI,19.3,30760
Treutlen County,GA,12.4,6406
Trigg County,KY,16.6,14061
Trimble County,KY,14.1,8474
Trinity County,CA,19.5,16112
Trinity County,TX,12.9,13602
Tripp County,SD,22.3,5624
Troup County,GA,19,69426
Trousdale County,TN,13.8,11615
Trumbull County,OH,18.7,201977
Tucker County,WV,19.4,6762
Tulare County,CA,14.6,473117
Tulsa County,OK,31.8,669279
Tunica County,MS,16.9,9782
Tuolumne County,CA,20.5,55620
Turner County,GA,11.7,9006
Turner County,SD,23.7,8673
Tuscaloosa County,AL,30.7,227036
Tuscarawas County,OH,17.4,93263
Tuscola County,MI,13.5,53323
Twiggs County,GA,11.8,8022
Twin Falls County,ID,20.6,90046
Tyler County,TX,13.4,19798
Tyler County,WV,14.1,8313
Tyrrell County,NC,10.6,3245
Uinta County,WY,16,20450
Uintah County,UT,15.8,35620
Ulster County,NY,32.5,181851
Umatilla County,OR,17.2,80075
Unicoi County,TN,14.8,17928
Union County,AR,21.1,39054
Union County,FL,9.2,16147
Union County,GA,22.5,24632
Union County,IA,18,12138
Union County,IL,21.7,17244
Union County,IN,18.5,7087
Union County,KY,11.1,13668
Union County,MS,13.4,27777
Union County,NC,35.4,238267
Union County,NJ,36,575345
Union County,NM,11.7,4079
Union County,OH,35.5,62784
Union County,OR,24.5,26196
Union County,PA,26,42681
Union County,SC,11.3,27244
Union County,SD,30.6,16811
Union County,TN,9.9,19802
Union Parish,LA,17.2,21107
Upshur County,TX,17.1,40892
Upshur County,WV,16.9,23816
Upson County,GA,13.4,27700
Upton County,TX,9.6,3308
Utah County,UT,40.8,659399
Uvalde County,TX,17.9,24564
Val Verde County,TX,18.4,47586
Valencia County,NM,18.5,76205
Valley County,ID,30.4,11746
Valley County,MT,21.5,7578
Valley County,NE,24.2,4059
Van Buren County,AR,14.5,15796
Van Buren County,IA,14.4,7203
Van Buren County,MI,21.7,75587
Van Buren County,TN,7.8,6168
Van Wert County,OH,16.6,28931
Van Zandt County,TX,15.8,59541
Vance County,NC,14.8,42578
Vanderburgh County,IN,27,180136
Venango County,PA,18.7,50454
Ventura County,CA,33.8,843843
Vermilion County,IL,14.7,74188
Vermilion Parish,LA,14.2,57359
Vermillion County,IN,14.2,15439
Vernon County,MO,18.9,19707
Vernon County,WI,22.4,30714
Vernon Parish,LA,17.5,48750
Victoria County,TX,20,91319
Vigo County,IN,25.1,106153
Vilas County,WI,29.1,23047
Vinton County,OH,12.8,12800
Virginia Beach city,VA,36,459470
Volusia County,FL,23.7,553543
Wabash County,IL,18.2,11361
Wabash County,IN,18.1,30976
Wabasha County,MN,23.7,21387
Wabaunsee County,KS,24.2,6877
Wadena County,MN,13.8,14065
Wagoner County,OK,23.2,80981
Wahkiakum County,WA,19.4,4422
Wake County,NC,52.8,1129410
Wakulla County,FL,18.3,33764
Waldo County,ME,31.4,39607
Walker County,AL,11.3,65342
Walker County,GA,16.6,67654
Walker County,TX,20.8,76400
Walla Walla County,WA,29.8,62584
Wallace County,KS,32.4,1512
Waller County,TX,21.1,56794
Wallowa County,OR,26.4,7391
Walsh County,ND,17.2,10563
Walthall County,MS,14.4,13884
Walton County,FL,28.5,75305
Walton County,GA,21.7,96673
Walworth County,SD,24.9,5315
Walworth County,WI,28.8,106478
Wapello County,IA,18.8,35437
Ward County,ND,29.3,69919
Ward County,TX,12.5,11644
Ware County,GA,15.2,36251
Warren County,GA,12.3,5215
Warren County,IA,31.9,52403
Warren County,IL,22.8,16835
Warren County,IN,19.4,8440
Warren County,KY,32.2,134554
Warren County,MO,19.1,35532
Warren County,MS,22.4,44722
Warren County,NC,15.8,18642
Warren County,NJ,33,109632
Warren County,NY,31.3,65737
Warren County,OH,43,242337
Warren County,PA,19.5,38587
Warren County,TN,14.5,40953
Warren County,VA,21.7,40727
Warrick County,IN,30.3,63898
Wasatch County,UT,39.9,34788
Wasco County,OR,19.6,26670
Waseca County,MN,21.4,18968
Washakie County,WY,23.4,7685
Washburn County,WI,23,16623
Washington County,AL,12.7,15388
Washington County,AR,33.3,245871
Washington County,CO,15.4,4817
Washington County,FL,12.5,25318
Washington County,GA,12.3,19988
Washington County,IA,21.8,22565
Washington County,ID,16.3,10500
Washington County,IL,20.9,13761
Washington County,IN,13.4,28182
Washington County,KS,20.3,5530
Washington County,KY,18.8,12027
Washington County,MD,21.9,154705
Washington County,ME,22,31095
Washington County,MN,44.3,267568
Washington County,MO,9.9,23514
Washington County,MS,17.9,44922
Washington County,NC,11.5,11003
Washington County,NE,29.9,20865
Washington County,NY,20.5,61302
Washington County,OH,18.8,59771
Washington County,OK,28.5,52455
Washington County,OR,44.4,600372
Washington County,PA,30,209349
Washington County,RI,46.1,129839
Washington County,TN,31.8,133001
Washington County,TX,26.8,35805
Washington County,UT,28.1,180279
Washington County,VA,22.8,53935
Washington County,VT,41.8,59807
Washington County,WI,31.5,136761
Washington Parish,LA,11.6,45463
Washita County,OK,20.8,10924
Washoe County,NV,30.8,486492
Washtenaw County,MI,55.9,372258
Watauga County,NC,42.2,54086
Watonwan County,MN,15.5,11253
Waukesha County,WI,44.5,406978
Waupaca County,WI,19.9,51812
Waushara County,WI,16.3,24520
Wayne County,GA,13,30144
Wayne County,IA,12.7,6497
Wayne County,IL,15.4,16179
Wayne County,IN,18.2,66553
Wayne County,KY,12.3,19555
Wayne County,MI,23.9,1793561
Wayne County,MO,9.6,10974
Wayne County,MS,15.3,19779
Wayne County,NC,19,117333
Wayne County,NE,32.4,9697
Wayne County,NY,22.6,91283
Wayne County,OH,22.2,116894
Wayne County,PA,20.4,51155
Wayne County,TN,9.7,16232
Wayne County,UT,23.4,2486
Wayne County,WV,15.1,38982
Waynesboro city,VA,27.1,22196
Weakley County,TN,21.6,32902
Webb County,TX,18.9,267114
Weber County,UT,24.5,262223
Webster County,GA,14.7,2348
Webster County,IA,19.9,36999
Webster County,KY,10,13017
Webster County,MO,16.8,39085
Webster County,MS,18.5,9926
Webster County,NE,23,3395
Webster County,WV,11.4,8378
Webster Parish,LA,15.4,36967
Weld County,CO,27.5,328981
Wells County,IN,18.2,28180
Wells County,ND,22.2,3982
West Baton Rouge Parish,LA,22,27199
West Carroll Parish,LA,11.7,9751
West Feliciana Parish,LA,24.2,15310
Westchester County,NY,48.9,1004457
Westmoreland County,PA,29.1,354663
Westmoreland County,VA,19.2,18477
Weston County,WY,20,6838
Wetzel County,WV,12,14442
Wexford County,MI,18.2,33673
Wharton County,TX,18,41570
Whatcom County,WA,34.3,226847
Wheatland County,MT,19.6,2069
Wheeler County,GA,13.6,7471
Wheeler County,NE,19.4,774
Wheeler County,OR,14.9,1451
Wheeler County,TX,16.8,4990
White County,AR,20.9,76822
White County,GA,22.7,28003
White County,IL,15.5,13877
White County,IN,16.4,24688
White County,TN,12.3,27351
White Pine County,NV,13.2,9080
Whiteside County,IL,18.2,55691
Whitfield County,GA,15.7,102864
Whitley County,IN,20.7,34191
Whitley County,KY,20.4,36712
Whitman County,WA,49.8,47973
Wibaux County,MT,23.4,937
Wichita County,KS,20.6,2152
Wichita County,TX,23.1,129350
Wicomico County,MD,27.2,103588
Wilbarger County,TX,15.2,12887
Wilcox County,AL,12.5,10600
Wilcox County,GA,12.2,8766
Wilkes County,GA,13.8,9565
Wilkes County,NC,15.8,65969
Wilkin County,MN,23.8,6506
Wilkinson County,GA,10.9,8877
Wilkinson County,MS,13.7,8587
Will County,IL,34.3,696355
Willacy County,TX,8.9,20164
Williams County,ND,23.6,40950
Williams County,OH,15.2,37102
Williamsburg County,SC,12.3,31026
Williamsburg city,VA,56.8,15425
Williamson County,IL,24.3,67153
Williamson County,TN,59.8,247726
Williamson County,TX,41.3,609017
Wilson County,KS,16.5,8624
Wilson County,NC,19.6,78784
Wilson County,TN,32.4,147737
Wilson County,TX,21.8,49753
Winchester city,VA,35.1,28120
Windham County,CT,24.3,116418
Windham County,VT,38.1,45905
Windsor County,VT,38.2,57753
Winkler County,TX,8.2,7791
Winn Parish,LA,13.9,13755
Winnebago County,IA,21.8,10679
Winnebago County,IL,22.9,285350
Winnebago County,WI,28.3,171730
Winneshiek County,IA,30.6,20070
Winona County,MN,30.1,49671
Winston County,AL,12.8,23540
Winston County,MS,14.7,17714
Wirt County,WV,11.2,5194
Wise County,TX,18,68632
Wise County,VA,15,36130
Wolfe County,KY,8.7,6562
Wood County,OH,33.5,132248
Wood County,TX,16.6,44843
Wood County,WI,21.6,74207
Wood County,WV,21.9,84296
Woodbury County,IA,23.1,105941
Woodford County,IL,33.2,38467
Woodford County,KY,33.8,26871
Woodruff County,AR,14,6269
Woods County,OK,30.3,8624
Woodson County,KS,17.2,3115
Woodward County,OK,19.4,20470
Worcester County,MA,36.4,862111
Worcester County,MD,29,52460
Worth County,GA,11,20784
Worth County,IA,17.5,7443
Worth County,MO,20,1973
Wrangell City and Borough,AK,19.4,2127
Wright County,IA,17.2,12943
Wright County,MN,29.6,141337
Wright County,MO,10.2,18188
Wyandot County,OH,17.2,21900
Wyandotte County,KS,18.1,169245
Wyoming County,NY,17.7,40531
Wyoming County,PA,19.6,26069
Wyoming County,WV,9.3,21382
Wythe County,VA,19,28290
Yadkin County,NC,11.6,37214
Yakima County,WA,16.7,256728
Yakutat City and Borough,AK,22.6,662
Yalobusha County,MS,13.8,12481
Yamhill County,OR,26.9,107722
Yancey County,NC,20.3,18470
Yankton County,SD,25.7,23310
Yates County,NY,25.2,24774
Yavapai County,AZ,25.9,236209
Yazoo County,MS,13.4,26743
Yell County,AR,12.8,20263
Yellow Medicine County,MN,17.2,9528
Yellowstone County,MT,32.1,164731
Yoakum County,TX,12.7,7694
Yolo County,CA,41.4,216403
York County,ME,32.5,211972
York County,NE,28.4,14125
York County,PA,24.9,456438
York County,SC,33.3,282090
York County,VA,47.1,70045
Young County,TX,19.3,17867
Yuba County,CA,17.1,81575
Yukon-Koyukuk Census Area,AK,13.6,5343
Yuma County,AZ,15,203881
Yuma County,CO,21.8,9988
Zapata County,TX,11.6,13889
Zavala County,TX,10.9,9670
Ziebach County,SD,16.4,2413